insert into cozinhas (id, nome) values (1, 'Tailandesa');
insert into cozinhas (id, nome) values (2, 'Indiana');

insert into restaurantes (nome, taxa_frete, cozinha_id) values ('Thai Gourmet', 10, 1);
insert into restaurantes (nome, taxa_frete, cozinha_id) values ('Thai Delivery', 9.50, 1);
insert into restaurantes (nome, taxa_frete, cozinha_id) values ('Tuk Tuk Comida Indiana', 15, 2);

insert into permissoes (id, nome, descricao) values (1, 'CONSULTAR_COZINHAS', 'Permite consultar cozinhas');
insert into permissoes (id, nome, descricao) values (2, 'EDITAR_COZINHAS', 'Permite editar cozinhas');
    
INSERT INTO estados (id, nome, uf) VALUES (1, 'Acre', 'AC');
INSERT INTO estados (id, nome, uf) VALUES (2, 'Alagoas', 'AL');
INSERT INTO estados (id, nome, uf) VALUES (3, 'Amazonas', 'AM');
INSERT INTO estados (id, nome, uf) VALUES (4, 'Amapá', 'AP');
INSERT INTO estados (id, nome, uf) VALUES (5, 'Bahia', 'BA');
INSERT INTO estados (id, nome, uf) VALUES (6, 'Ceará', 'CE');
INSERT INTO estados (id, nome, uf) VALUES (7, 'Distrito Federal', 'DF');
INSERT INTO estados (id, nome, uf) VALUES (8, 'Espírito Santo', 'ES');
INSERT INTO estados (id, nome, uf) VALUES (9, 'Goiás', 'GO');
INSERT INTO estados (id, nome, uf) VALUES (10, 'Maranhão', 'MA');
INSERT INTO estados (id, nome, uf) VALUES (11, 'Minas Gerais', 'MG');
INSERT INTO estados (id, nome, uf) VALUES (12, 'Mato Grosso do Sul', 'MS');
INSERT INTO estados (id, nome, uf) VALUES (13, 'Mato Grosso', 'MT');
INSERT INTO estados (id, nome, uf) VALUES (14, 'Pará', 'PA');
INSERT INTO estados (id, nome, uf) VALUES (15, 'Paraíba', 'PB');
INSERT INTO estados (id, nome, uf) VALUES (16, 'Pernambuco', 'PE');
INSERT INTO estados (id, nome, uf) VALUES (17, 'Piauí', 'PI');
INSERT INTO estados (id, nome, uf) VALUES (18, 'Paraná', 'PR');
INSERT INTO estados (id, nome, uf) VALUES (19, 'Rio de Janeiro', 'RJ');
INSERT INTO estados (id, nome, uf) VALUES (20, 'Rio Grande do Norte', 'RN');
INSERT INTO estados (id, nome, uf) VALUES (21, 'Rondônia', 'RO');
INSERT INTO estados (id, nome, uf) VALUES (22, 'Roraima', 'RR');
INSERT INTO estados (id, nome, uf) VALUES (23, 'Rio Grande do Sul', 'RS');
INSERT INTO estados (id, nome, uf) VALUES (24, 'Santa Catarina', 'SC');
INSERT INTO estados (id, nome, uf) VALUES (25, 'Sergipe', 'SE');
INSERT INTO estados (id, nome, uf) VALUES (26, 'São Paulo', 'SP');
INSERT INTO estados (id, nome, uf) VALUES (27, 'Tocantins', 'TO');

INSERT INTO cidades (id, nome, estado_id) VALUES (1, 'Afonso Cláudio', 8);
INSERT INTO cidades (id, nome, estado_id) VALUES (2, 'Água Doce do Norte', 8);
INSERT INTO cidades (id, nome, estado_id) VALUES (3, 'Águia Branca', 8);
INSERT INTO cidades (id, nome, estado_id) VALUES (4, 'Alegre', 8);
INSERT INTO cidades (id, nome, estado_id) VALUES (5, 'Alfredo Chaves', 8);
INSERT INTO cidades (id, nome, estado_id) VALUES (6, 'Alto Rio Novo', 8);
INSERT INTO cidades (id, nome, estado_id) VALUES (7, 'Anchieta', 8);
INSERT INTO cidades (id, nome, estado_id) VALUES (8, 'Apiacá', 8);
INSERT INTO cidades (id, nome, estado_id) VALUES (9, 'Aracruz', 8);
INSERT INTO cidades (id, nome, estado_id) VALUES (10, 'Atilio Vivacqua', 8);
INSERT INTO cidades (id, nome, estado_id) VALUES (11, 'Baixo Guandu', 8);
INSERT INTO cidades (id, nome, estado_id) VALUES (12, 'Barra de São Francisco', 8);
INSERT INTO cidades (id, nome, estado_id) VALUES (13, 'Boa Esperança', 8);
INSERT INTO cidades (id, nome, estado_id) VALUES (14, 'Bom Jesus do Norte', 8);
INSERT INTO cidades (id, nome, estado_id) VALUES (15, 'Brejetuba', 8);
INSERT INTO cidades (id, nome, estado_id) VALUES (16, 'Cachoeiro de Itapemirim', 8);
INSERT INTO cidades (id, nome, estado_id) VALUES (17, 'Cariacica', 8);
INSERT INTO cidades (id, nome, estado_id) VALUES (18, 'Castelo', 8);
INSERT INTO cidades (id, nome, estado_id) VALUES (19, 'Colatina', 8);
INSERT INTO cidades (id, nome, estado_id) VALUES (20, 'Conceição da Barra', 8);
INSERT INTO cidades (id, nome, estado_id) VALUES (21, 'Conceição do Castelo', 8);
INSERT INTO cidades (id, nome, estado_id) VALUES (22, 'Divino de São Lourenço', 8);
INSERT INTO cidades (id, nome, estado_id) VALUES (23, 'Domingos Martins', 8);
INSERT INTO cidades (id, nome, estado_id) VALUES (24, 'Dores do Rio Preto', 8);
INSERT INTO cidades (id, nome, estado_id) VALUES (25, 'Ecoporanga', 8);
INSERT INTO cidades (id, nome, estado_id) VALUES (26, 'Fundão', 8);
INSERT INTO cidades (id, nome, estado_id) VALUES (27, 'Governador Lindenberg', 8);
INSERT INTO cidades (id, nome, estado_id) VALUES (28, 'Guaçuí', 8);
INSERT INTO cidades (id, nome, estado_id) VALUES (29, 'Guarapari', 8);
INSERT INTO cidades (id, nome, estado_id) VALUES (30, 'Ibatiba', 8);
INSERT INTO cidades (id, nome, estado_id) VALUES (31, 'Ibiraçu', 8);
INSERT INTO cidades (id, nome, estado_id) VALUES (32, 'Ibitirama', 8);
INSERT INTO cidades (id, nome, estado_id) VALUES (33, 'Iconha', 8);
INSERT INTO cidades (id, nome, estado_id) VALUES (34, 'Irupi', 8);
INSERT INTO cidades (id, nome, estado_id) VALUES (35, 'Itaguaçu', 8);
INSERT INTO cidades (id, nome, estado_id) VALUES (36, 'Itapemirim', 8);
INSERT INTO cidades (id, nome, estado_id) VALUES (37, 'Itarana', 8);
INSERT INTO cidades (id, nome, estado_id) VALUES (38, 'Iúna', 8);
INSERT INTO cidades (id, nome, estado_id) VALUES (39, 'Jaguaré', 8);
INSERT INTO cidades (id, nome, estado_id) VALUES (40, 'Jerônimo Monteiro', 8);
INSERT INTO cidades (id, nome, estado_id) VALUES (41, 'João Neiva', 8);
INSERT INTO cidades (id, nome, estado_id) VALUES (42, 'Laranja da Terra', 8);
INSERT INTO cidades (id, nome, estado_id) VALUES (43, 'Linhares', 8);
INSERT INTO cidades (id, nome, estado_id) VALUES (44, 'Mantenópolis', 8);
INSERT INTO cidades (id, nome, estado_id) VALUES (45, 'Marataízes', 8);
INSERT INTO cidades (id, nome, estado_id) VALUES (46, 'Marechal Floriano', 8);
INSERT INTO cidades (id, nome, estado_id) VALUES (47, 'Marilândia', 8);
INSERT INTO cidades (id, nome, estado_id) VALUES (48, 'Mimoso do Sul', 8);
INSERT INTO cidades (id, nome, estado_id) VALUES (49, 'Montanha', 8);
INSERT INTO cidades (id, nome, estado_id) VALUES (50, 'Mucurici', 8);
INSERT INTO cidades (id, nome, estado_id) VALUES (51, 'Muniz Freire', 8);
INSERT INTO cidades (id, nome, estado_id) VALUES (52, 'Muqui', 8);
INSERT INTO cidades (id, nome, estado_id) VALUES (53, 'Nova Venécia', 8);
INSERT INTO cidades (id, nome, estado_id) VALUES (54, 'Pancas', 8);
INSERT INTO cidades (id, nome, estado_id) VALUES (55, 'Pedro Canário', 8);
INSERT INTO cidades (id, nome, estado_id) VALUES (56, 'Pinheiros', 8);
INSERT INTO cidades (id, nome, estado_id) VALUES (57, 'Piúma', 8);
INSERT INTO cidades (id, nome, estado_id) VALUES (58, 'Ponto Belo', 8);
INSERT INTO cidades (id, nome, estado_id) VALUES (59, 'Presidente Kennedy', 8);
INSERT INTO cidades (id, nome, estado_id) VALUES (60, 'Rio Bananal', 8);
INSERT INTO cidades (id, nome, estado_id) VALUES (61, 'Rio Novo do Sul', 8);
INSERT INTO cidades (id, nome, estado_id) VALUES (62, 'Santa Leopoldina', 8);
INSERT INTO cidades (id, nome, estado_id) VALUES (63, 'Santa Maria de Jetibá', 8);
INSERT INTO cidades (id, nome, estado_id) VALUES (64, 'Santa Teresa', 8);
INSERT INTO cidades (id, nome, estado_id) VALUES (65, 'São Domingos do Norte', 8);
INSERT INTO cidades (id, nome, estado_id) VALUES (66, 'São Gabriel da Palha', 8);
INSERT INTO cidades (id, nome, estado_id) VALUES (67, 'São José do Calçado', 8);
INSERT INTO cidades (id, nome, estado_id) VALUES (68, 'São Mateus', 8);
INSERT INTO cidades (id, nome, estado_id) VALUES (69, 'São Roque do Canaã', 8);
INSERT INTO cidades (id, nome, estado_id) VALUES (70, 'Serra', 8);
INSERT INTO cidades (id, nome, estado_id) VALUES (71, 'Sooretama', 8);
INSERT INTO cidades (id, nome, estado_id) VALUES (72, 'Vargem Alta', 8);
INSERT INTO cidades (id, nome, estado_id) VALUES (73, 'Venda Nova do Imigrante', 8);
INSERT INTO cidades (id, nome, estado_id) VALUES (74, 'Viana', 8);
INSERT INTO cidades (id, nome, estado_id) VALUES (75, 'Vila Pavão', 8);
INSERT INTO cidades (id, nome, estado_id) VALUES (76, 'Vila Valério', 8);
INSERT INTO cidades (id, nome, estado_id) VALUES (77, 'Vila Velha', 8);
INSERT INTO cidades (id, nome, estado_id) VALUES (78, 'Vitória', 8);
INSERT INTO cidades (id, nome, estado_id) VALUES (79, 'Acrelândia', 1);
INSERT INTO cidades (id, nome, estado_id) VALUES (80, 'Assis Brasil', 1);
INSERT INTO cidades (id, nome, estado_id) VALUES (81, 'Brasiléia', 1);
INSERT INTO cidades (id, nome, estado_id) VALUES (82, 'Bujari', 1);
INSERT INTO cidades (id, nome, estado_id) VALUES (83, 'Capixaba', 1);
INSERT INTO cidades (id, nome, estado_id) VALUES (84, 'Cruzeiro do Sul', 1);
INSERT INTO cidades (id, nome, estado_id) VALUES (85, 'Epitaciolândia', 1);
INSERT INTO cidades (id, nome, estado_id) VALUES (86, 'Feijó', 1);
INSERT INTO cidades (id, nome, estado_id) VALUES (87, 'Jordão', 1);
INSERT INTO cidades (id, nome, estado_id) VALUES (88, 'Mâncio Lima', 1);
INSERT INTO cidades (id, nome, estado_id) VALUES (89, 'Manoel Urbano', 1);
INSERT INTO cidades (id, nome, estado_id) VALUES (90, 'Marechal Thaumaturgo', 1);
INSERT INTO cidades (id, nome, estado_id) VALUES (91, 'Plácido de Castro', 1);
INSERT INTO cidades (id, nome, estado_id) VALUES (92, 'Porto Acre', 1);
INSERT INTO cidades (id, nome, estado_id) VALUES (93, 'Porto Walter', 1);
INSERT INTO cidades (id, nome, estado_id) VALUES (94, 'Rio Branco', 1);
INSERT INTO cidades (id, nome, estado_id) VALUES (95, 'Rodrigues Alves', 1);
INSERT INTO cidades (id, nome, estado_id) VALUES (96, 'Santa Rosa do Purus', 1);
INSERT INTO cidades (id, nome, estado_id) VALUES (97, 'Sena Madureira', 1);
INSERT INTO cidades (id, nome, estado_id) VALUES (98, 'Senador Guiomard', 1);
INSERT INTO cidades (id, nome, estado_id) VALUES (99, 'Tarauacá', 1);
INSERT INTO cidades (id, nome, estado_id) VALUES (100, 'Xapuri', 1);
INSERT INTO cidades (id, nome, estado_id) VALUES (101, 'Água Branca', 2);
INSERT INTO cidades (id, nome, estado_id) VALUES (102, 'Anadia', 2);
INSERT INTO cidades (id, nome, estado_id) VALUES (103, 'Arapiraca', 2);
INSERT INTO cidades (id, nome, estado_id) VALUES (104, 'Atalaia', 2);
INSERT INTO cidades (id, nome, estado_id) VALUES (105, 'Barra de Santo Antônio', 2);
INSERT INTO cidades (id, nome, estado_id) VALUES (106, 'Barra de São Miguel', 2);
INSERT INTO cidades (id, nome, estado_id) VALUES (107, 'Batalha', 2);
INSERT INTO cidades (id, nome, estado_id) VALUES (108, 'Belém', 2);
INSERT INTO cidades (id, nome, estado_id) VALUES (109, 'Belo Monte', 2);
INSERT INTO cidades (id, nome, estado_id) VALUES (110, 'Boca da Mata', 2);
INSERT INTO cidades (id, nome, estado_id) VALUES (111, 'Branquinha', 2);
INSERT INTO cidades (id, nome, estado_id) VALUES (112, 'Cacimbinhas', 2);
INSERT INTO cidades (id, nome, estado_id) VALUES (113, 'Cajueiro', 2);
INSERT INTO cidades (id, nome, estado_id) VALUES (114, 'Campestre', 2);
INSERT INTO cidades (id, nome, estado_id) VALUES (115, 'Campo Alegre', 2);
INSERT INTO cidades (id, nome, estado_id) VALUES (116, 'Campo Grande', 2);
INSERT INTO cidades (id, nome, estado_id) VALUES (117, 'Canapi', 2);
INSERT INTO cidades (id, nome, estado_id) VALUES (118, 'Capela', 2);
INSERT INTO cidades (id, nome, estado_id) VALUES (119, 'Carneiros', 2);
INSERT INTO cidades (id, nome, estado_id) VALUES (120, 'Chã Preta', 2);
INSERT INTO cidades (id, nome, estado_id) VALUES (121, 'Coité do Nóia', 2);
INSERT INTO cidades (id, nome, estado_id) VALUES (122, 'Colônia Leopoldina', 2);
INSERT INTO cidades (id, nome, estado_id) VALUES (123, 'Coqueiro Seco', 2);
INSERT INTO cidades (id, nome, estado_id) VALUES (124, 'Coruripe', 2);
INSERT INTO cidades (id, nome, estado_id) VALUES (125, 'Craíbas', 2);
INSERT INTO cidades (id, nome, estado_id) VALUES (126, 'Delmiro Gouveia', 2);
INSERT INTO cidades (id, nome, estado_id) VALUES (127, 'Dois Riachos', 2);
INSERT INTO cidades (id, nome, estado_id) VALUES (128, 'Estrela de Alagoas', 2);
INSERT INTO cidades (id, nome, estado_id) VALUES (129, 'Feira Grande', 2);
INSERT INTO cidades (id, nome, estado_id) VALUES (130, 'Feliz Deserto', 2);
INSERT INTO cidades (id, nome, estado_id) VALUES (131, 'Flexeiras', 2);
INSERT INTO cidades (id, nome, estado_id) VALUES (132, 'Girau do Ponciano', 2);
INSERT INTO cidades (id, nome, estado_id) VALUES (133, 'Ibateguara', 2);
INSERT INTO cidades (id, nome, estado_id) VALUES (134, 'Igaci', 2);
INSERT INTO cidades (id, nome, estado_id) VALUES (135, 'Igreja Nova', 2);
INSERT INTO cidades (id, nome, estado_id) VALUES (136, 'Inhapi', 2);
INSERT INTO cidades (id, nome, estado_id) VALUES (137, 'Jacaré dos Homens', 2);
INSERT INTO cidades (id, nome, estado_id) VALUES (138, 'Jacuípe', 2);
INSERT INTO cidades (id, nome, estado_id) VALUES (139, 'Japaratinga', 2);
INSERT INTO cidades (id, nome, estado_id) VALUES (140, 'Jaramataia', 2);
INSERT INTO cidades (id, nome, estado_id) VALUES (141, 'Jequiá da Praia', 2);
INSERT INTO cidades (id, nome, estado_id) VALUES (142, 'Joaquim Gomes', 2);
INSERT INTO cidades (id, nome, estado_id) VALUES (143, 'Jundiá', 2);
INSERT INTO cidades (id, nome, estado_id) VALUES (144, 'Junqueiro', 2);
INSERT INTO cidades (id, nome, estado_id) VALUES (145, 'Lagoa da Canoa', 2);
INSERT INTO cidades (id, nome, estado_id) VALUES (146, 'Limoeiro de Anadia', 2);
INSERT INTO cidades (id, nome, estado_id) VALUES (147, 'Maceió', 2);
INSERT INTO cidades (id, nome, estado_id) VALUES (148, 'Major Isidoro', 2);
INSERT INTO cidades (id, nome, estado_id) VALUES (149, 'Mar Vermelho', 2);
INSERT INTO cidades (id, nome, estado_id) VALUES (150, 'Maragogi', 2);
INSERT INTO cidades (id, nome, estado_id) VALUES (151, 'Maravilha', 2);
INSERT INTO cidades (id, nome, estado_id) VALUES (152, 'Marechal Deodoro', 2);
INSERT INTO cidades (id, nome, estado_id) VALUES (153, 'Maribondo', 2);
INSERT INTO cidades (id, nome, estado_id) VALUES (154, 'Mata Grande', 2);
INSERT INTO cidades (id, nome, estado_id) VALUES (155, 'Matriz de Camaragibe', 2);
INSERT INTO cidades (id, nome, estado_id) VALUES (156, 'Messias', 2);
INSERT INTO cidades (id, nome, estado_id) VALUES (157, 'Minador do Negrão', 2);
INSERT INTO cidades (id, nome, estado_id) VALUES (158, 'Monteirópolis', 2);
INSERT INTO cidades (id, nome, estado_id) VALUES (159, 'Murici', 2);
INSERT INTO cidades (id, nome, estado_id) VALUES (160, 'Novo Lino', 2);
INSERT INTO cidades (id, nome, estado_id) VALUES (161, 'Olho d`Água das Flores', 2);
INSERT INTO cidades (id, nome, estado_id) VALUES (162, 'Olho d`Água do Casado', 2);
INSERT INTO cidades (id, nome, estado_id) VALUES (163, 'Olho d`Água Grande', 2);
INSERT INTO cidades (id, nome, estado_id) VALUES (164, 'Olivença', 2);
INSERT INTO cidades (id, nome, estado_id) VALUES (165, 'Ouro Branco', 2);
INSERT INTO cidades (id, nome, estado_id) VALUES (166, 'Palestina', 2);
INSERT INTO cidades (id, nome, estado_id) VALUES (167, 'Palmeira dos Índios', 2);
INSERT INTO cidades (id, nome, estado_id) VALUES (168, 'Pão de Açúcar', 2);
INSERT INTO cidades (id, nome, estado_id) VALUES (169, 'Pariconha', 2);
INSERT INTO cidades (id, nome, estado_id) VALUES (170, 'Paripueira', 2);
INSERT INTO cidades (id, nome, estado_id) VALUES (171, 'Passo de Camaragibe', 2);
INSERT INTO cidades (id, nome, estado_id) VALUES (172, 'Paulo Jacinto', 2);
INSERT INTO cidades (id, nome, estado_id) VALUES (173, 'Penedo', 2);
INSERT INTO cidades (id, nome, estado_id) VALUES (174, 'Piaçabuçu', 2);
INSERT INTO cidades (id, nome, estado_id) VALUES (175, 'Pilar', 2);
INSERT INTO cidades (id, nome, estado_id) VALUES (176, 'Pindoba', 2);
INSERT INTO cidades (id, nome, estado_id) VALUES (177, 'Piranhas', 2);
INSERT INTO cidades (id, nome, estado_id) VALUES (178, 'Poço das Trincheiras', 2);
INSERT INTO cidades (id, nome, estado_id) VALUES (179, 'Porto Calvo', 2);
INSERT INTO cidades (id, nome, estado_id) VALUES (180, 'Porto de Pedras', 2);
INSERT INTO cidades (id, nome, estado_id) VALUES (181, 'Porto Real do Colégio', 2);
INSERT INTO cidades (id, nome, estado_id) VALUES (182, 'Quebrangulo', 2);
INSERT INTO cidades (id, nome, estado_id) VALUES (183, 'Rio Largo', 2);
INSERT INTO cidades (id, nome, estado_id) VALUES (184, 'Roteiro', 2);
INSERT INTO cidades (id, nome, estado_id) VALUES (185, 'Santa Luzia do Norte', 2);
INSERT INTO cidades (id, nome, estado_id) VALUES (186, 'Santana do Ipanema', 2);
INSERT INTO cidades (id, nome, estado_id) VALUES (187, 'Santana do Mundaú', 2);
INSERT INTO cidades (id, nome, estado_id) VALUES (188, 'São Brás', 2);
INSERT INTO cidades (id, nome, estado_id) VALUES (189, 'São José da Laje', 2);
INSERT INTO cidades (id, nome, estado_id) VALUES (190, 'São José da Tapera', 2);
INSERT INTO cidades (id, nome, estado_id) VALUES (191, 'São Luís do Quitunde', 2);
INSERT INTO cidades (id, nome, estado_id) VALUES (192, 'São Miguel dos Campos', 2);
INSERT INTO cidades (id, nome, estado_id) VALUES (193, 'São Miguel dos Milagres', 2);
INSERT INTO cidades (id, nome, estado_id) VALUES (194, 'São Sebastião', 2);
INSERT INTO cidades (id, nome, estado_id) VALUES (195, 'Satuba', 2);
INSERT INTO cidades (id, nome, estado_id) VALUES (196, 'Senador Rui Palmeira', 2);
INSERT INTO cidades (id, nome, estado_id) VALUES (197, 'Tanque d`Arca', 2);
INSERT INTO cidades (id, nome, estado_id) VALUES (198, 'Taquarana', 2);
INSERT INTO cidades (id, nome, estado_id) VALUES (199, 'Teotônio Vilela', 2);
INSERT INTO cidades (id, nome, estado_id) VALUES (200, 'Traipu', 2);
INSERT INTO cidades (id, nome, estado_id) VALUES (201, 'União dos Palmares', 2);
INSERT INTO cidades (id, nome, estado_id) VALUES (202, 'Viçosa', 2);
INSERT INTO cidades (id, nome, estado_id) VALUES (203, 'Amapá', 4);
INSERT INTO cidades (id, nome, estado_id) VALUES (204, 'Calçoene', 4);
INSERT INTO cidades (id, nome, estado_id) VALUES (205, 'Cutias', 4);
INSERT INTO cidades (id, nome, estado_id) VALUES (206, 'Ferreira Gomes', 4);
INSERT INTO cidades (id, nome, estado_id) VALUES (207, 'Itaubal', 4);
INSERT INTO cidades (id, nome, estado_id) VALUES (208, 'Laranjal do Jari', 4);
INSERT INTO cidades (id, nome, estado_id) VALUES (209, 'Macapá', 4);
INSERT INTO cidades (id, nome, estado_id) VALUES (210, 'Mazagão', 4);
INSERT INTO cidades (id, nome, estado_id) VALUES (211, 'Oiapoque', 4);
INSERT INTO cidades (id, nome, estado_id) VALUES (212, 'Pedra Branca do Amaparí', 4);
INSERT INTO cidades (id, nome, estado_id) VALUES (213, 'Porto Grande', 4);
INSERT INTO cidades (id, nome, estado_id) VALUES (214, 'Pracuúba', 4);
INSERT INTO cidades (id, nome, estado_id) VALUES (215, 'Santana', 4);
INSERT INTO cidades (id, nome, estado_id) VALUES (216, 'Serra do Navio', 4);
INSERT INTO cidades (id, nome, estado_id) VALUES (217, 'Tartarugalzinho', 4);
INSERT INTO cidades (id, nome, estado_id) VALUES (218, 'Vitória do Jari', 4);
INSERT INTO cidades (id, nome, estado_id) VALUES (219, 'Alvarães', 3);
INSERT INTO cidades (id, nome, estado_id) VALUES (220, 'Amaturá', 3);
INSERT INTO cidades (id, nome, estado_id) VALUES (221, 'Anamã', 3);
INSERT INTO cidades (id, nome, estado_id) VALUES (222, 'Anori', 3);
INSERT INTO cidades (id, nome, estado_id) VALUES (223, 'Apuí', 3);
INSERT INTO cidades (id, nome, estado_id) VALUES (224, 'Atalaia do Norte', 3);
INSERT INTO cidades (id, nome, estado_id) VALUES (225, 'Autazes', 3);
INSERT INTO cidades (id, nome, estado_id) VALUES (226, 'Barcelos', 3);
INSERT INTO cidades (id, nome, estado_id) VALUES (227, 'Barreirinha', 3);
INSERT INTO cidades (id, nome, estado_id) VALUES (228, 'Benjamin Constant', 3);
INSERT INTO cidades (id, nome, estado_id) VALUES (229, 'Beruri', 3);
INSERT INTO cidades (id, nome, estado_id) VALUES (230, 'Boa Vista do Ramos', 3);
INSERT INTO cidades (id, nome, estado_id) VALUES (231, 'Boca do Acre', 3);
INSERT INTO cidades (id, nome, estado_id) VALUES (232, 'Borba', 3);
INSERT INTO cidades (id, nome, estado_id) VALUES (233, 'Caapiranga', 3);
INSERT INTO cidades (id, nome, estado_id) VALUES (234, 'Canutama', 3);
INSERT INTO cidades (id, nome, estado_id) VALUES (235, 'Carauari', 3);
INSERT INTO cidades (id, nome, estado_id) VALUES (236, 'Careiro', 3);
INSERT INTO cidades (id, nome, estado_id) VALUES (237, 'Careiro da Várzea', 3);
INSERT INTO cidades (id, nome, estado_id) VALUES (238, 'Coari', 3);
INSERT INTO cidades (id, nome, estado_id) VALUES (239, 'Codajás', 3);
INSERT INTO cidades (id, nome, estado_id) VALUES (240, 'Eirunepé', 3);
INSERT INTO cidades (id, nome, estado_id) VALUES (241, 'Envira', 3);
INSERT INTO cidades (id, nome, estado_id) VALUES (242, 'Fonte Boa', 3);
INSERT INTO cidades (id, nome, estado_id) VALUES (243, 'Guajará', 3);
INSERT INTO cidades (id, nome, estado_id) VALUES (244, 'Humaitá', 3);
INSERT INTO cidades (id, nome, estado_id) VALUES (245, 'Ipixuna', 3);
INSERT INTO cidades (id, nome, estado_id) VALUES (246, 'Iranduba', 3);
INSERT INTO cidades (id, nome, estado_id) VALUES (247, 'Itacoatiara', 3);
INSERT INTO cidades (id, nome, estado_id) VALUES (248, 'Itamarati', 3);
INSERT INTO cidades (id, nome, estado_id) VALUES (249, 'Itapiranga', 3);
INSERT INTO cidades (id, nome, estado_id) VALUES (250, 'Japurá', 3);
INSERT INTO cidades (id, nome, estado_id) VALUES (251, 'Juruá', 3);
INSERT INTO cidades (id, nome, estado_id) VALUES (252, 'Jutaí', 3);
INSERT INTO cidades (id, nome, estado_id) VALUES (253, 'Lábrea', 3);
INSERT INTO cidades (id, nome, estado_id) VALUES (254, 'Manacapuru', 3);
INSERT INTO cidades (id, nome, estado_id) VALUES (255, 'Manaquiri', 3);
INSERT INTO cidades (id, nome, estado_id) VALUES (256, 'Manaus', 3);
INSERT INTO cidades (id, nome, estado_id) VALUES (257, 'Manicoré', 3);
INSERT INTO cidades (id, nome, estado_id) VALUES (258, 'Maraã', 3);
INSERT INTO cidades (id, nome, estado_id) VALUES (259, 'Maués', 3);
INSERT INTO cidades (id, nome, estado_id) VALUES (260, 'Nhamundá', 3);
INSERT INTO cidades (id, nome, estado_id) VALUES (261, 'Nova Olinda do Norte', 3);
INSERT INTO cidades (id, nome, estado_id) VALUES (262, 'Novo Airão', 3);
INSERT INTO cidades (id, nome, estado_id) VALUES (263, 'Novo Aripuanã', 3);
INSERT INTO cidades (id, nome, estado_id) VALUES (264, 'Parintins', 3);
INSERT INTO cidades (id, nome, estado_id) VALUES (265, 'Pauini', 3);
INSERT INTO cidades (id, nome, estado_id) VALUES (266, 'Presidente Figueiredo', 3);
INSERT INTO cidades (id, nome, estado_id) VALUES (267, 'Rio Preto da Eva', 3);
INSERT INTO cidades (id, nome, estado_id) VALUES (268, 'Santa Isabel do Rio Negro', 3);
INSERT INTO cidades (id, nome, estado_id) VALUES (269, 'Santo Antônio do Içá', 3);
INSERT INTO cidades (id, nome, estado_id) VALUES (270, 'São Gabriel da Cachoeira', 3);
INSERT INTO cidades (id, nome, estado_id) VALUES (271, 'São Paulo de Olivença', 3);
INSERT INTO cidades (id, nome, estado_id) VALUES (272, 'São Sebastião do Uatumã', 3);
INSERT INTO cidades (id, nome, estado_id) VALUES (273, 'Silves', 3);
INSERT INTO cidades (id, nome, estado_id) VALUES (274, 'Tabatinga', 3);
INSERT INTO cidades (id, nome, estado_id) VALUES (275, 'Tapauá', 3);
INSERT INTO cidades (id, nome, estado_id) VALUES (276, 'Tefé', 3);
INSERT INTO cidades (id, nome, estado_id) VALUES (277, 'Tonantins', 3);
INSERT INTO cidades (id, nome, estado_id) VALUES (278, 'Uarini', 3);
INSERT INTO cidades (id, nome, estado_id) VALUES (279, 'Urucará', 3);
INSERT INTO cidades (id, nome, estado_id) VALUES (280, 'Urucurituba', 3);
INSERT INTO cidades (id, nome, estado_id) VALUES (281, 'Abaíra', 5);
INSERT INTO cidades (id, nome, estado_id) VALUES (282, 'Abaré', 5);
INSERT INTO cidades (id, nome, estado_id) VALUES (283, 'Acajutiba', 5);
INSERT INTO cidades (id, nome, estado_id) VALUES (284, 'Adustina', 5);
INSERT INTO cidades (id, nome, estado_id) VALUES (285, 'Água Fria', 5);
INSERT INTO cidades (id, nome, estado_id) VALUES (286, 'Aiquara', 5);
INSERT INTO cidades (id, nome, estado_id) VALUES (287, 'Alagoinhas', 5);
INSERT INTO cidades (id, nome, estado_id) VALUES (288, 'Alcobaça', 5);
INSERT INTO cidades (id, nome, estado_id) VALUES (289, 'Almadina', 5);
INSERT INTO cidades (id, nome, estado_id) VALUES (290, 'Amargosa', 5);
INSERT INTO cidades (id, nome, estado_id) VALUES (291, 'Amélia Rodrigues', 5);
INSERT INTO cidades (id, nome, estado_id) VALUES (292, 'América Dourada', 5);
INSERT INTO cidades (id, nome, estado_id) VALUES (293, 'Anagé', 5);
INSERT INTO cidades (id, nome, estado_id) VALUES (294, 'Andaraí', 5);
INSERT INTO cidades (id, nome, estado_id) VALUES (295, 'Andorinha', 5);
INSERT INTO cidades (id, nome, estado_id) VALUES (296, 'Angical', 5);
INSERT INTO cidades (id, nome, estado_id) VALUES (297, 'Anguera', 5);
INSERT INTO cidades (id, nome, estado_id) VALUES (298, 'Antas', 5);
INSERT INTO cidades (id, nome, estado_id) VALUES (299, 'Antônio Cardoso', 5);
INSERT INTO cidades (id, nome, estado_id) VALUES (300, 'Antônio Gonçalves', 5);
INSERT INTO cidades (id, nome, estado_id) VALUES (301, 'Aporá', 5);
INSERT INTO cidades (id, nome, estado_id) VALUES (302, 'Apuarema', 5);
INSERT INTO cidades (id, nome, estado_id) VALUES (303, 'Araças', 5);
INSERT INTO cidades (id, nome, estado_id) VALUES (304, 'Aracatu', 5);
INSERT INTO cidades (id, nome, estado_id) VALUES (305, 'Araci', 5);
INSERT INTO cidades (id, nome, estado_id) VALUES (306, 'Aramari', 5);
INSERT INTO cidades (id, nome, estado_id) VALUES (307, 'Arataca', 5);
INSERT INTO cidades (id, nome, estado_id) VALUES (308, 'Aratuípe', 5);
INSERT INTO cidades (id, nome, estado_id) VALUES (309, 'Aurelino Leal', 5);
INSERT INTO cidades (id, nome, estado_id) VALUES (310, 'Baianópolis', 5);
INSERT INTO cidades (id, nome, estado_id) VALUES (311, 'Baixa Grande', 5);
INSERT INTO cidades (id, nome, estado_id) VALUES (312, 'Banzaê', 5);
INSERT INTO cidades (id, nome, estado_id) VALUES (313, 'Barra', 5);
INSERT INTO cidades (id, nome, estado_id) VALUES (314, 'Barra da Estiva', 5);
INSERT INTO cidades (id, nome, estado_id) VALUES (315, 'Barra do Choça', 5);
INSERT INTO cidades (id, nome, estado_id) VALUES (316, 'Barra do Mendes', 5);
INSERT INTO cidades (id, nome, estado_id) VALUES (317, 'Barra do Rocha', 5);
INSERT INTO cidades (id, nome, estado_id) VALUES (318, 'Barreiras', 5);
INSERT INTO cidades (id, nome, estado_id) VALUES (319, 'Barro Alto', 5);
INSERT INTO cidades (id, nome, estado_id) VALUES (320, 'Barro Preto (antigo Gov. Lomanto Jr.)', 5);
INSERT INTO cidades (id, nome, estado_id) VALUES (321, 'Barrocas', 5);
INSERT INTO cidades (id, nome, estado_id) VALUES (322, 'Belmonte', 5);
INSERT INTO cidades (id, nome, estado_id) VALUES (323, 'Belo Campo', 5);
INSERT INTO cidades (id, nome, estado_id) VALUES (324, 'Biritinga', 5);
INSERT INTO cidades (id, nome, estado_id) VALUES (325, 'Boa Nova', 5);
INSERT INTO cidades (id, nome, estado_id) VALUES (326, 'Boa Vista do Tupim', 5);
INSERT INTO cidades (id, nome, estado_id) VALUES (327, 'Bom Jesus da Lapa', 5);
INSERT INTO cidades (id, nome, estado_id) VALUES (328, 'Bom Jesus da Serra', 5);
INSERT INTO cidades (id, nome, estado_id) VALUES (329, 'Boninal', 5);
INSERT INTO cidades (id, nome, estado_id) VALUES (330, 'Bonito', 5);
INSERT INTO cidades (id, nome, estado_id) VALUES (331, 'Boquira', 5);
INSERT INTO cidades (id, nome, estado_id) VALUES (332, 'Botuporã', 5);
INSERT INTO cidades (id, nome, estado_id) VALUES (333, 'Brejões', 5);
INSERT INTO cidades (id, nome, estado_id) VALUES (334, 'Brejolândia', 5);
INSERT INTO cidades (id, nome, estado_id) VALUES (335, 'Brotas de Macaúbas', 5);
INSERT INTO cidades (id, nome, estado_id) VALUES (336, 'Brumado', 5);
INSERT INTO cidades (id, nome, estado_id) VALUES (337, 'Buerarema', 5);
INSERT INTO cidades (id, nome, estado_id) VALUES (338, 'Buritirama', 5);
INSERT INTO cidades (id, nome, estado_id) VALUES (339, 'Caatiba', 5);
INSERT INTO cidades (id, nome, estado_id) VALUES (340, 'Cabaceiras do Paraguaçu', 5);
INSERT INTO cidades (id, nome, estado_id) VALUES (341, 'Cachoeira', 5);
INSERT INTO cidades (id, nome, estado_id) VALUES (342, 'Caculé', 5);
INSERT INTO cidades (id, nome, estado_id) VALUES (343, 'Caém', 5);
INSERT INTO cidades (id, nome, estado_id) VALUES (344, 'Caetanos', 5);
INSERT INTO cidades (id, nome, estado_id) VALUES (345, 'Caetité', 5);
INSERT INTO cidades (id, nome, estado_id) VALUES (346, 'Cafarnaum', 5);
INSERT INTO cidades (id, nome, estado_id) VALUES (347, 'Cairu', 5);
INSERT INTO cidades (id, nome, estado_id) VALUES (348, 'Caldeirão Grande', 5);
INSERT INTO cidades (id, nome, estado_id) VALUES (349, 'Camacan', 5);
INSERT INTO cidades (id, nome, estado_id) VALUES (350, 'Camaçari', 5);
INSERT INTO cidades (id, nome, estado_id) VALUES (351, 'Camamu', 5);
INSERT INTO cidades (id, nome, estado_id) VALUES (352, 'Campo Alegre de Lourdes', 5);
INSERT INTO cidades (id, nome, estado_id) VALUES (353, 'Campo Formoso', 5);
INSERT INTO cidades (id, nome, estado_id) VALUES (354, 'Canápolis', 5);
INSERT INTO cidades (id, nome, estado_id) VALUES (355, 'Canarana', 5);
INSERT INTO cidades (id, nome, estado_id) VALUES (356, 'Canavieiras', 5);
INSERT INTO cidades (id, nome, estado_id) VALUES (357, 'Candeal', 5);
INSERT INTO cidades (id, nome, estado_id) VALUES (358, 'Candeias', 5);
INSERT INTO cidades (id, nome, estado_id) VALUES (359, 'Candiba', 5);
INSERT INTO cidades (id, nome, estado_id) VALUES (360, 'Cândido Sales', 5);
INSERT INTO cidades (id, nome, estado_id) VALUES (361, 'Cansanção', 5);
INSERT INTO cidades (id, nome, estado_id) VALUES (362, 'Canudos', 5);
INSERT INTO cidades (id, nome, estado_id) VALUES (363, 'Capela do Alto Alegre', 5);
INSERT INTO cidades (id, nome, estado_id) VALUES (364, 'Capim Grosso', 5);
INSERT INTO cidades (id, nome, estado_id) VALUES (365, 'Caraíbas', 5);
INSERT INTO cidades (id, nome, estado_id) VALUES (366, 'Caravelas', 5);
INSERT INTO cidades (id, nome, estado_id) VALUES (367, 'Cardeal da Silva', 5);
INSERT INTO cidades (id, nome, estado_id) VALUES (368, 'Carinhanha', 5);
INSERT INTO cidades (id, nome, estado_id) VALUES (369, 'Casa Nova', 5);
INSERT INTO cidades (id, nome, estado_id) VALUES (370, 'Castro Alves', 5);
INSERT INTO cidades (id, nome, estado_id) VALUES (371, 'Catolândia', 5);
INSERT INTO cidades (id, nome, estado_id) VALUES (372, 'Catu', 5);
INSERT INTO cidades (id, nome, estado_id) VALUES (373, 'Caturama', 5);
INSERT INTO cidades (id, nome, estado_id) VALUES (374, 'Central', 5);
INSERT INTO cidades (id, nome, estado_id) VALUES (375, 'Chorrochó', 5);
INSERT INTO cidades (id, nome, estado_id) VALUES (376, 'Cícero Dantas', 5);
INSERT INTO cidades (id, nome, estado_id) VALUES (377, 'Cipó', 5);
INSERT INTO cidades (id, nome, estado_id) VALUES (378, 'Coaraci', 5);
INSERT INTO cidades (id, nome, estado_id) VALUES (379, 'Cocos', 5);
INSERT INTO cidades (id, nome, estado_id) VALUES (380, 'Conceição da Feira', 5);
INSERT INTO cidades (id, nome, estado_id) VALUES (381, 'Conceição do Almeida', 5);
INSERT INTO cidades (id, nome, estado_id) VALUES (382, 'Conceição do Coité', 5);
INSERT INTO cidades (id, nome, estado_id) VALUES (383, 'Conceição do Jacuípe', 5);
INSERT INTO cidades (id, nome, estado_id) VALUES (384, 'Conde', 5);
INSERT INTO cidades (id, nome, estado_id) VALUES (385, 'Condeúba', 5);
INSERT INTO cidades (id, nome, estado_id) VALUES (386, 'Contendas do Sincorá', 5);
INSERT INTO cidades (id, nome, estado_id) VALUES (387, 'Coração de Maria', 5);
INSERT INTO cidades (id, nome, estado_id) VALUES (388, 'Cordeiros', 5);
INSERT INTO cidades (id, nome, estado_id) VALUES (389, 'Coribe', 5);
INSERT INTO cidades (id, nome, estado_id) VALUES (390, 'Coronel João Sá', 5);
INSERT INTO cidades (id, nome, estado_id) VALUES (391, 'Correntina', 5);
INSERT INTO cidades (id, nome, estado_id) VALUES (392, 'Cotegipe', 5);
INSERT INTO cidades (id, nome, estado_id) VALUES (393, 'Cravolândia', 5);
INSERT INTO cidades (id, nome, estado_id) VALUES (394, 'Crisópolis', 5);
INSERT INTO cidades (id, nome, estado_id) VALUES (395, 'Cristópolis', 5);
INSERT INTO cidades (id, nome, estado_id) VALUES (396, 'Cruz das Almas', 5);
INSERT INTO cidades (id, nome, estado_id) VALUES (397, 'Curaçá', 5);
INSERT INTO cidades (id, nome, estado_id) VALUES (398, 'Dário Meira', 5);
INSERT INTO cidades (id, nome, estado_id) VALUES (399, 'Dias d`Ávila', 5);
INSERT INTO cidades (id, nome, estado_id) VALUES (400, 'Dom Basílio', 5);
INSERT INTO cidades (id, nome, estado_id) VALUES (401, 'Dom Macedo Costa', 5);
INSERT INTO cidades (id, nome, estado_id) VALUES (402, 'Elísio Medrado', 5);
INSERT INTO cidades (id, nome, estado_id) VALUES (403, 'Encruzilhada', 5);
INSERT INTO cidades (id, nome, estado_id) VALUES (404, 'Entre Rios', 5);
INSERT INTO cidades (id, nome, estado_id) VALUES (405, 'Érico Cardoso', 5);
INSERT INTO cidades (id, nome, estado_id) VALUES (406, 'Esplanada', 5);
INSERT INTO cidades (id, nome, estado_id) VALUES (407, 'Euclides da Cunha', 5);
INSERT INTO cidades (id, nome, estado_id) VALUES (408, 'Eunápolis', 5);
INSERT INTO cidades (id, nome, estado_id) VALUES (409, 'Fátima', 5);
INSERT INTO cidades (id, nome, estado_id) VALUES (410, 'Feira da Mata', 5);
INSERT INTO cidades (id, nome, estado_id) VALUES (411, 'Feira de Santana', 5);
INSERT INTO cidades (id, nome, estado_id) VALUES (412, 'Filadélfia', 5);
INSERT INTO cidades (id, nome, estado_id) VALUES (413, 'Firmino Alves', 5);
INSERT INTO cidades (id, nome, estado_id) VALUES (414, 'Floresta Azul', 5);
INSERT INTO cidades (id, nome, estado_id) VALUES (415, 'Formosa do Rio Preto', 5);
INSERT INTO cidades (id, nome, estado_id) VALUES (416, 'Gandu', 5);
INSERT INTO cidades (id, nome, estado_id) VALUES (417, 'Gavião', 5);
INSERT INTO cidades (id, nome, estado_id) VALUES (418, 'Gentio do Ouro', 5);
INSERT INTO cidades (id, nome, estado_id) VALUES (419, 'Glória', 5);
INSERT INTO cidades (id, nome, estado_id) VALUES (420, 'Gongogi', 5);
INSERT INTO cidades (id, nome, estado_id) VALUES (421, 'Governador Mangabeira', 5);
INSERT INTO cidades (id, nome, estado_id) VALUES (422, 'Guajeru', 5);
INSERT INTO cidades (id, nome, estado_id) VALUES (423, 'Guanambi', 5);
INSERT INTO cidades (id, nome, estado_id) VALUES (424, 'Guaratinga', 5);
INSERT INTO cidades (id, nome, estado_id) VALUES (425, 'Heliópolis', 5);
INSERT INTO cidades (id, nome, estado_id) VALUES (426, 'Iaçu', 5);
INSERT INTO cidades (id, nome, estado_id) VALUES (427, 'Ibiassucê', 5);
INSERT INTO cidades (id, nome, estado_id) VALUES (428, 'Ibicaraí', 5);
INSERT INTO cidades (id, nome, estado_id) VALUES (429, 'Ibicoara', 5);
INSERT INTO cidades (id, nome, estado_id) VALUES (430, 'Ibicuí', 5);
INSERT INTO cidades (id, nome, estado_id) VALUES (431, 'Ibipeba', 5);
INSERT INTO cidades (id, nome, estado_id) VALUES (432, 'Ibipitanga', 5);
INSERT INTO cidades (id, nome, estado_id) VALUES (433, 'Ibiquera', 5);
INSERT INTO cidades (id, nome, estado_id) VALUES (434, 'Ibirapitanga', 5);
INSERT INTO cidades (id, nome, estado_id) VALUES (435, 'Ibirapuã', 5);
INSERT INTO cidades (id, nome, estado_id) VALUES (436, 'Ibirataia', 5);
INSERT INTO cidades (id, nome, estado_id) VALUES (437, 'Ibitiara', 5);
INSERT INTO cidades (id, nome, estado_id) VALUES (438, 'Ibititá', 5);
INSERT INTO cidades (id, nome, estado_id) VALUES (439, 'Ibotirama', 5);
INSERT INTO cidades (id, nome, estado_id) VALUES (440, 'Ichu', 5);
INSERT INTO cidades (id, nome, estado_id) VALUES (441, 'Igaporã', 5);
INSERT INTO cidades (id, nome, estado_id) VALUES (442, 'Igrapiúna', 5);
INSERT INTO cidades (id, nome, estado_id) VALUES (443, 'Iguaí', 5);
INSERT INTO cidades (id, nome, estado_id) VALUES (444, 'Ilhéus', 5);
INSERT INTO cidades (id, nome, estado_id) VALUES (445, 'Inhambupe', 5);
INSERT INTO cidades (id, nome, estado_id) VALUES (446, 'Ipecaetá', 5);
INSERT INTO cidades (id, nome, estado_id) VALUES (447, 'Ipiaú', 5);
INSERT INTO cidades (id, nome, estado_id) VALUES (448, 'Ipirá', 5);
INSERT INTO cidades (id, nome, estado_id) VALUES (449, 'Ipupiara', 5);
INSERT INTO cidades (id, nome, estado_id) VALUES (450, 'Irajuba', 5);
INSERT INTO cidades (id, nome, estado_id) VALUES (451, 'Iramaia', 5);
INSERT INTO cidades (id, nome, estado_id) VALUES (452, 'Iraquara', 5);
INSERT INTO cidades (id, nome, estado_id) VALUES (453, 'Irará', 5);
INSERT INTO cidades (id, nome, estado_id) VALUES (454, 'Irecê', 5);
INSERT INTO cidades (id, nome, estado_id) VALUES (455, 'Itabela', 5);
INSERT INTO cidades (id, nome, estado_id) VALUES (456, 'Itaberaba', 5);
INSERT INTO cidades (id, nome, estado_id) VALUES (457, 'Itabuna', 5);
INSERT INTO cidades (id, nome, estado_id) VALUES (458, 'Itacaré', 5);
INSERT INTO cidades (id, nome, estado_id) VALUES (459, 'Itaeté', 5);
INSERT INTO cidades (id, nome, estado_id) VALUES (460, 'Itagi', 5);
INSERT INTO cidades (id, nome, estado_id) VALUES (461, 'Itagibá', 5);
INSERT INTO cidades (id, nome, estado_id) VALUES (462, 'Itagimirim', 5);
INSERT INTO cidades (id, nome, estado_id) VALUES (463, 'Itaguaçu da Bahia', 5);
INSERT INTO cidades (id, nome, estado_id) VALUES (464, 'Itaju do Colônia', 5);
INSERT INTO cidades (id, nome, estado_id) VALUES (465, 'Itajuípe', 5);
INSERT INTO cidades (id, nome, estado_id) VALUES (466, 'Itamaraju', 5);
INSERT INTO cidades (id, nome, estado_id) VALUES (467, 'Itamari', 5);
INSERT INTO cidades (id, nome, estado_id) VALUES (468, 'Itambé', 5);
INSERT INTO cidades (id, nome, estado_id) VALUES (469, 'Itanagra', 5);
INSERT INTO cidades (id, nome, estado_id) VALUES (470, 'Itanhém', 5);
INSERT INTO cidades (id, nome, estado_id) VALUES (471, 'Itaparica', 5);
INSERT INTO cidades (id, nome, estado_id) VALUES (472, 'Itapé', 5);
INSERT INTO cidades (id, nome, estado_id) VALUES (473, 'Itapebi', 5);
INSERT INTO cidades (id, nome, estado_id) VALUES (474, 'Itapetinga', 5);
INSERT INTO cidades (id, nome, estado_id) VALUES (475, 'Itapicuru', 5);
INSERT INTO cidades (id, nome, estado_id) VALUES (476, 'Itapitanga', 5);
INSERT INTO cidades (id, nome, estado_id) VALUES (477, 'Itaquara', 5);
INSERT INTO cidades (id, nome, estado_id) VALUES (478, 'Itarantim', 5);
INSERT INTO cidades (id, nome, estado_id) VALUES (479, 'Itatim', 5);
INSERT INTO cidades (id, nome, estado_id) VALUES (480, 'Itiruçu', 5);
INSERT INTO cidades (id, nome, estado_id) VALUES (481, 'Itiúba', 5);
INSERT INTO cidades (id, nome, estado_id) VALUES (482, 'Itororó', 5);
INSERT INTO cidades (id, nome, estado_id) VALUES (483, 'Ituaçu', 5);
INSERT INTO cidades (id, nome, estado_id) VALUES (484, 'Ituberá', 5);
INSERT INTO cidades (id, nome, estado_id) VALUES (485, 'Iuiú', 5);
INSERT INTO cidades (id, nome, estado_id) VALUES (486, 'Jaborandi', 5);
INSERT INTO cidades (id, nome, estado_id) VALUES (487, 'Jacaraci', 5);
INSERT INTO cidades (id, nome, estado_id) VALUES (488, 'Jacobina', 5);
INSERT INTO cidades (id, nome, estado_id) VALUES (489, 'Jaguaquara', 5);
INSERT INTO cidades (id, nome, estado_id) VALUES (490, 'Jaguarari', 5);
INSERT INTO cidades (id, nome, estado_id) VALUES (491, 'Jaguaripe', 5);
INSERT INTO cidades (id, nome, estado_id) VALUES (492, 'Jandaíra', 5);
INSERT INTO cidades (id, nome, estado_id) VALUES (493, 'Jequié', 5);
INSERT INTO cidades (id, nome, estado_id) VALUES (494, 'Jeremoabo', 5);
INSERT INTO cidades (id, nome, estado_id) VALUES (495, 'Jiquiriçá', 5);
INSERT INTO cidades (id, nome, estado_id) VALUES (496, 'Jitaúna', 5);
INSERT INTO cidades (id, nome, estado_id) VALUES (497, 'João Dourado', 5);
INSERT INTO cidades (id, nome, estado_id) VALUES (498, 'Juazeiro', 5);
INSERT INTO cidades (id, nome, estado_id) VALUES (499, 'Jucuruçu', 5);
INSERT INTO cidades (id, nome, estado_id) VALUES (500, 'Jussara', 5);
INSERT INTO cidades (id, nome, estado_id) VALUES (501, 'Jussari', 5);
INSERT INTO cidades (id, nome, estado_id) VALUES (502, 'Jussiape', 5);
INSERT INTO cidades (id, nome, estado_id) VALUES (503, 'Lafaiete Coutinho', 5);
INSERT INTO cidades (id, nome, estado_id) VALUES (504, 'Lagoa Real', 5);
INSERT INTO cidades (id, nome, estado_id) VALUES (505, 'Laje', 5);
INSERT INTO cidades (id, nome, estado_id) VALUES (506, 'Lajedão', 5);
INSERT INTO cidades (id, nome, estado_id) VALUES (507, 'Lajedinho', 5);
INSERT INTO cidades (id, nome, estado_id) VALUES (508, 'Lajedo do Tabocal', 5);
INSERT INTO cidades (id, nome, estado_id) VALUES (509, 'Lamarão', 5);
INSERT INTO cidades (id, nome, estado_id) VALUES (510, 'Lapão', 5);
INSERT INTO cidades (id, nome, estado_id) VALUES (511, 'Lauro de Freitas', 5);
INSERT INTO cidades (id, nome, estado_id) VALUES (512, 'Lençóis', 5);
INSERT INTO cidades (id, nome, estado_id) VALUES (513, 'Licínio de Almeida', 5);
INSERT INTO cidades (id, nome, estado_id) VALUES (514, 'Livramento de Nossa Senhora', 5);
INSERT INTO cidades (id, nome, estado_id) VALUES (515, 'Luís Eduardo Magalhães', 5);
INSERT INTO cidades (id, nome, estado_id) VALUES (516, 'Macajuba', 5);
INSERT INTO cidades (id, nome, estado_id) VALUES (517, 'Macarani', 5);
INSERT INTO cidades (id, nome, estado_id) VALUES (518, 'Macaúbas', 5);
INSERT INTO cidades (id, nome, estado_id) VALUES (519, 'Macururé', 5);
INSERT INTO cidades (id, nome, estado_id) VALUES (520, 'Madre de Deus', 5);
INSERT INTO cidades (id, nome, estado_id) VALUES (521, 'Maetinga', 5);
INSERT INTO cidades (id, nome, estado_id) VALUES (522, 'Maiquinique', 5);
INSERT INTO cidades (id, nome, estado_id) VALUES (523, 'Mairi', 5);
INSERT INTO cidades (id, nome, estado_id) VALUES (524, 'Malhada', 5);
INSERT INTO cidades (id, nome, estado_id) VALUES (525, 'Malhada de Pedras', 5);
INSERT INTO cidades (id, nome, estado_id) VALUES (526, 'Manoel Vitorino', 5);
INSERT INTO cidades (id, nome, estado_id) VALUES (527, 'Mansidão', 5);
INSERT INTO cidades (id, nome, estado_id) VALUES (528, 'Maracás', 5);
INSERT INTO cidades (id, nome, estado_id) VALUES (529, 'Maragogipe', 5);
INSERT INTO cidades (id, nome, estado_id) VALUES (530, 'Maraú', 5);
INSERT INTO cidades (id, nome, estado_id) VALUES (531, 'Marcionílio Souza', 5);
INSERT INTO cidades (id, nome, estado_id) VALUES (532, 'Mascote', 5);
INSERT INTO cidades (id, nome, estado_id) VALUES (533, 'Mata de São João', 5);
INSERT INTO cidades (id, nome, estado_id) VALUES (534, 'Matina', 5);
INSERT INTO cidades (id, nome, estado_id) VALUES (535, 'Medeiros Neto', 5);
INSERT INTO cidades (id, nome, estado_id) VALUES (536, 'Miguel Calmon', 5);
INSERT INTO cidades (id, nome, estado_id) VALUES (537, 'Milagres', 5);
INSERT INTO cidades (id, nome, estado_id) VALUES (538, 'Mirangaba', 5);
INSERT INTO cidades (id, nome, estado_id) VALUES (539, 'Mirante', 5);
INSERT INTO cidades (id, nome, estado_id) VALUES (540, 'Monte Santo', 5);
INSERT INTO cidades (id, nome, estado_id) VALUES (541, 'Morpará', 5);
INSERT INTO cidades (id, nome, estado_id) VALUES (542, 'Morro do Chapéu', 5);
INSERT INTO cidades (id, nome, estado_id) VALUES (543, 'Mortugaba', 5);
INSERT INTO cidades (id, nome, estado_id) VALUES (544, 'Mucugê', 5);
INSERT INTO cidades (id, nome, estado_id) VALUES (545, 'Mucuri', 5);
INSERT INTO cidades (id, nome, estado_id) VALUES (546, 'Mulungu do Morro', 5);
INSERT INTO cidades (id, nome, estado_id) VALUES (547, 'Mundo Novo', 5);
INSERT INTO cidades (id, nome, estado_id) VALUES (548, 'Muniz Ferreira', 5);
INSERT INTO cidades (id, nome, estado_id) VALUES (549, 'Muquém de São Francisco', 5);
INSERT INTO cidades (id, nome, estado_id) VALUES (550, 'Muritiba', 5);
INSERT INTO cidades (id, nome, estado_id) VALUES (551, 'Mutuípe', 5);
INSERT INTO cidades (id, nome, estado_id) VALUES (552, 'Nazaré', 5);
INSERT INTO cidades (id, nome, estado_id) VALUES (553, 'Nilo Peçanha', 5);
INSERT INTO cidades (id, nome, estado_id) VALUES (554, 'Nordestina', 5);
INSERT INTO cidades (id, nome, estado_id) VALUES (555, 'Nova Canaã', 5);
INSERT INTO cidades (id, nome, estado_id) VALUES (556, 'Nova Fátima', 5);
INSERT INTO cidades (id, nome, estado_id) VALUES (557, 'Nova Ibiá', 5);
INSERT INTO cidades (id, nome, estado_id) VALUES (558, 'Nova Itarana', 5);
INSERT INTO cidades (id, nome, estado_id) VALUES (559, 'Nova Redenção', 5);
INSERT INTO cidades (id, nome, estado_id) VALUES (560, 'Nova Soure', 5);
INSERT INTO cidades (id, nome, estado_id) VALUES (561, 'Nova Viçosa', 5);
INSERT INTO cidades (id, nome, estado_id) VALUES (562, 'Novo Horizonte', 5);
INSERT INTO cidades (id, nome, estado_id) VALUES (563, 'Novo Triunfo', 5);
INSERT INTO cidades (id, nome, estado_id) VALUES (564, 'Olindina', 5);
INSERT INTO cidades (id, nome, estado_id) VALUES (565, 'Oliveira dos Brejinhos', 5);
INSERT INTO cidades (id, nome, estado_id) VALUES (566, 'Ouriçangas', 5);
INSERT INTO cidades (id, nome, estado_id) VALUES (567, 'Ourolândia', 5);
INSERT INTO cidades (id, nome, estado_id) VALUES (568, 'Palmas de Monte Alto', 5);
INSERT INTO cidades (id, nome, estado_id) VALUES (569, 'Palmeiras', 5);
INSERT INTO cidades (id, nome, estado_id) VALUES (570, 'Paramirim', 5);
INSERT INTO cidades (id, nome, estado_id) VALUES (571, 'Paratinga', 5);
INSERT INTO cidades (id, nome, estado_id) VALUES (572, 'Paripiranga', 5);
INSERT INTO cidades (id, nome, estado_id) VALUES (573, 'Pau Brasil', 5);
INSERT INTO cidades (id, nome, estado_id) VALUES (574, 'Paulo Afonso', 5);
INSERT INTO cidades (id, nome, estado_id) VALUES (575, 'Pé de Serra', 5);
INSERT INTO cidades (id, nome, estado_id) VALUES (576, 'Pedrão', 5);
INSERT INTO cidades (id, nome, estado_id) VALUES (577, 'Pedro Alexandre', 5);
INSERT INTO cidades (id, nome, estado_id) VALUES (578, 'Piatã', 5);
INSERT INTO cidades (id, nome, estado_id) VALUES (579, 'Pilão Arcado', 5);
INSERT INTO cidades (id, nome, estado_id) VALUES (580, 'Pindaí', 5);
INSERT INTO cidades (id, nome, estado_id) VALUES (581, 'Pindobaçu', 5);
INSERT INTO cidades (id, nome, estado_id) VALUES (582, 'Pintadas', 5);
INSERT INTO cidades (id, nome, estado_id) VALUES (583, 'Piraí do Norte', 5);
INSERT INTO cidades (id, nome, estado_id) VALUES (584, 'Piripá', 5);
INSERT INTO cidades (id, nome, estado_id) VALUES (585, 'Piritiba', 5);
INSERT INTO cidades (id, nome, estado_id) VALUES (586, 'Planaltino', 5);
INSERT INTO cidades (id, nome, estado_id) VALUES (587, 'Planalto', 5);
INSERT INTO cidades (id, nome, estado_id) VALUES (588, 'Poções', 5);
INSERT INTO cidades (id, nome, estado_id) VALUES (589, 'Pojuca', 5);
INSERT INTO cidades (id, nome, estado_id) VALUES (590, 'Ponto Novo', 5);
INSERT INTO cidades (id, nome, estado_id) VALUES (591, 'Porto Seguro', 5);
INSERT INTO cidades (id, nome, estado_id) VALUES (592, 'Potiraguá', 5);
INSERT INTO cidades (id, nome, estado_id) VALUES (593, 'Prado', 5);
INSERT INTO cidades (id, nome, estado_id) VALUES (594, 'Presidente Dutra', 5);
INSERT INTO cidades (id, nome, estado_id) VALUES (595, 'Presidente Jânio Quadros', 5);
INSERT INTO cidades (id, nome, estado_id) VALUES (596, 'Presidente Tancredo Neves', 5);
INSERT INTO cidades (id, nome, estado_id) VALUES (597, 'Queimadas', 5);
INSERT INTO cidades (id, nome, estado_id) VALUES (598, 'Quijingue', 5);
INSERT INTO cidades (id, nome, estado_id) VALUES (599, 'Quixabeira', 5);
INSERT INTO cidades (id, nome, estado_id) VALUES (600, 'Rafael Jambeiro', 5);
INSERT INTO cidades (id, nome, estado_id) VALUES (601, 'Remanso', 5);
INSERT INTO cidades (id, nome, estado_id) VALUES (602, 'Retirolândia', 5);
INSERT INTO cidades (id, nome, estado_id) VALUES (603, 'Riachão das Neves', 5);
INSERT INTO cidades (id, nome, estado_id) VALUES (604, 'Riachão do Jacuípe', 5);
INSERT INTO cidades (id, nome, estado_id) VALUES (605, 'Riacho de Santana', 5);
INSERT INTO cidades (id, nome, estado_id) VALUES (606, 'Ribeira do Amparo', 5);
INSERT INTO cidades (id, nome, estado_id) VALUES (607, 'Ribeira do Pombal', 5);
INSERT INTO cidades (id, nome, estado_id) VALUES (608, 'Ribeirão do Largo', 5);
INSERT INTO cidades (id, nome, estado_id) VALUES (609, 'Rio de Contas', 5);
INSERT INTO cidades (id, nome, estado_id) VALUES (610, 'Rio do Antônio', 5);
INSERT INTO cidades (id, nome, estado_id) VALUES (611, 'Rio do Pires', 5);
INSERT INTO cidades (id, nome, estado_id) VALUES (612, 'Rio Real', 5);
INSERT INTO cidades (id, nome, estado_id) VALUES (613, 'Rodelas', 5);
INSERT INTO cidades (id, nome, estado_id) VALUES (614, 'Ruy Barbosa', 5);
INSERT INTO cidades (id, nome, estado_id) VALUES (615, 'Salinas da Margarida', 5);
INSERT INTO cidades (id, nome, estado_id) VALUES (616, 'Salvador', 5);
INSERT INTO cidades (id, nome, estado_id) VALUES (617, 'Santa Bárbara', 5);
INSERT INTO cidades (id, nome, estado_id) VALUES (618, 'Santa Brígida', 5);
INSERT INTO cidades (id, nome, estado_id) VALUES (619, 'Santa Cruz Cabrália', 5);
INSERT INTO cidades (id, nome, estado_id) VALUES (620, 'Santa Cruz da Vitória', 5);
INSERT INTO cidades (id, nome, estado_id) VALUES (621, 'Santa Inês', 5);
INSERT INTO cidades (id, nome, estado_id) VALUES (622, 'Santa Luzia', 5);
INSERT INTO cidades (id, nome, estado_id) VALUES (623, 'Santa Maria da Vitória', 5);
INSERT INTO cidades (id, nome, estado_id) VALUES (624, 'Santa Rita de Cássia', 5);
INSERT INTO cidades (id, nome, estado_id) VALUES (625, 'Santa Teresinha', 5);
INSERT INTO cidades (id, nome, estado_id) VALUES (626, 'Santaluz', 5);
INSERT INTO cidades (id, nome, estado_id) VALUES (627, 'Santana', 5);
INSERT INTO cidades (id, nome, estado_id) VALUES (628, 'Santanópolis', 5);
INSERT INTO cidades (id, nome, estado_id) VALUES (629, 'Santo Amaro', 5);
INSERT INTO cidades (id, nome, estado_id) VALUES (630, 'Santo Antônio de Jesus', 5);
INSERT INTO cidades (id, nome, estado_id) VALUES (631, 'Santo Estêvão', 5);
INSERT INTO cidades (id, nome, estado_id) VALUES (632, 'São Desidério', 5);
INSERT INTO cidades (id, nome, estado_id) VALUES (633, 'São Domingos', 5);
INSERT INTO cidades (id, nome, estado_id) VALUES (634, 'São Felipe', 5);
INSERT INTO cidades (id, nome, estado_id) VALUES (635, 'São Félix', 5);
INSERT INTO cidades (id, nome, estado_id) VALUES (636, 'São Félix do Coribe', 5);
INSERT INTO cidades (id, nome, estado_id) VALUES (637, 'São Francisco do Conde', 5);
INSERT INTO cidades (id, nome, estado_id) VALUES (638, 'São Gabriel', 5);
INSERT INTO cidades (id, nome, estado_id) VALUES (639, 'São Gonçalo dos Campos', 5);
INSERT INTO cidades (id, nome, estado_id) VALUES (640, 'São José da Vitória', 5);
INSERT INTO cidades (id, nome, estado_id) VALUES (641, 'São José do Jacuípe', 5);
INSERT INTO cidades (id, nome, estado_id) VALUES (642, 'São Miguel das Matas', 5);
INSERT INTO cidades (id, nome, estado_id) VALUES (643, 'São Sebastião do Passé', 5);
INSERT INTO cidades (id, nome, estado_id) VALUES (644, 'Sapeaçu', 5);
INSERT INTO cidades (id, nome, estado_id) VALUES (645, 'Sátiro Dias', 5);
INSERT INTO cidades (id, nome, estado_id) VALUES (646, 'Saubara', 5);
INSERT INTO cidades (id, nome, estado_id) VALUES (647, 'Saúde', 5);
INSERT INTO cidades (id, nome, estado_id) VALUES (648, 'Seabra', 5);
INSERT INTO cidades (id, nome, estado_id) VALUES (649, 'Sebastião Laranjeiras', 5);
INSERT INTO cidades (id, nome, estado_id) VALUES (650, 'Senhor do Bonfim', 5);
INSERT INTO cidades (id, nome, estado_id) VALUES (651, 'Sento Sé', 5);
INSERT INTO cidades (id, nome, estado_id) VALUES (652, 'Serra do Ramalho', 5);
INSERT INTO cidades (id, nome, estado_id) VALUES (653, 'Serra Dourada', 5);
INSERT INTO cidades (id, nome, estado_id) VALUES (654, 'Serra Preta', 5);
INSERT INTO cidades (id, nome, estado_id) VALUES (655, 'Serrinha', 5);
INSERT INTO cidades (id, nome, estado_id) VALUES (656, 'Serrolândia', 5);
INSERT INTO cidades (id, nome, estado_id) VALUES (657, 'Simões Filho', 5);
INSERT INTO cidades (id, nome, estado_id) VALUES (658, 'Sítio do Mato', 5);
INSERT INTO cidades (id, nome, estado_id) VALUES (659, 'Sítio do Quinto', 5);
INSERT INTO cidades (id, nome, estado_id) VALUES (660, 'Sobradinho', 5);
INSERT INTO cidades (id, nome, estado_id) VALUES (661, 'Souto Soares', 5);
INSERT INTO cidades (id, nome, estado_id) VALUES (662, 'Tabocas do Brejo Velho', 5);
INSERT INTO cidades (id, nome, estado_id) VALUES (663, 'Tanhaçu', 5);
INSERT INTO cidades (id, nome, estado_id) VALUES (664, 'Tanque Novo', 5);
INSERT INTO cidades (id, nome, estado_id) VALUES (665, 'Tanquinho', 5);
INSERT INTO cidades (id, nome, estado_id) VALUES (666, 'Taperoá', 5);
INSERT INTO cidades (id, nome, estado_id) VALUES (667, 'Tapiramutá', 5);
INSERT INTO cidades (id, nome, estado_id) VALUES (668, 'Teixeira de Freitas', 5);
INSERT INTO cidades (id, nome, estado_id) VALUES (669, 'Teodoro Sampaio', 5);
INSERT INTO cidades (id, nome, estado_id) VALUES (670, 'Teofilândia', 5);
INSERT INTO cidades (id, nome, estado_id) VALUES (671, 'Teolândia', 5);
INSERT INTO cidades (id, nome, estado_id) VALUES (672, 'Terra Nova', 5);
INSERT INTO cidades (id, nome, estado_id) VALUES (673, 'Tremedal', 5);
INSERT INTO cidades (id, nome, estado_id) VALUES (674, 'Tucano', 5);
INSERT INTO cidades (id, nome, estado_id) VALUES (675, 'Uauá', 5);
INSERT INTO cidades (id, nome, estado_id) VALUES (676, 'Ubaíra', 5);
INSERT INTO cidades (id, nome, estado_id) VALUES (677, 'Ubaitaba', 5);
INSERT INTO cidades (id, nome, estado_id) VALUES (678, 'Ubatã', 5);
INSERT INTO cidades (id, nome, estado_id) VALUES (679, 'Uibaí', 5);
INSERT INTO cidades (id, nome, estado_id) VALUES (680, 'Umburanas', 5);
INSERT INTO cidades (id, nome, estado_id) VALUES (681, 'Una', 5);
INSERT INTO cidades (id, nome, estado_id) VALUES (682, 'Urandi', 5);
INSERT INTO cidades (id, nome, estado_id) VALUES (683, 'Uruçuca', 5);
INSERT INTO cidades (id, nome, estado_id) VALUES (684, 'Utinga', 5);
INSERT INTO cidades (id, nome, estado_id) VALUES (685, 'Valença', 5);
INSERT INTO cidades (id, nome, estado_id) VALUES (686, 'Valente', 5);
INSERT INTO cidades (id, nome, estado_id) VALUES (687, 'Várzea da Roça', 5);
INSERT INTO cidades (id, nome, estado_id) VALUES (688, 'Várzea do Poço', 5);
INSERT INTO cidades (id, nome, estado_id) VALUES (689, 'Várzea Nova', 5);
INSERT INTO cidades (id, nome, estado_id) VALUES (690, 'Varzedo', 5);
INSERT INTO cidades (id, nome, estado_id) VALUES (691, 'Vera Cruz', 5);
INSERT INTO cidades (id, nome, estado_id) VALUES (692, 'Vereda', 5);
INSERT INTO cidades (id, nome, estado_id) VALUES (693, 'Vitória da Conquista', 5);
INSERT INTO cidades (id, nome, estado_id) VALUES (694, 'Wagner', 5);
INSERT INTO cidades (id, nome, estado_id) VALUES (695, 'Wanderley', 5);
INSERT INTO cidades (id, nome, estado_id) VALUES (696, 'Wenceslau Guimarães', 5);
INSERT INTO cidades (id, nome, estado_id) VALUES (697, 'Xique-Xique', 5);
INSERT INTO cidades (id, nome, estado_id) VALUES (698, 'Abaiara', 6);
INSERT INTO cidades (id, nome, estado_id) VALUES (699, 'Acarape', 6);
INSERT INTO cidades (id, nome, estado_id) VALUES (700, 'Acaraú', 6);
INSERT INTO cidades (id, nome, estado_id) VALUES (701, 'Acopiara', 6);
INSERT INTO cidades (id, nome, estado_id) VALUES (702, 'Aiuaba', 6);
INSERT INTO cidades (id, nome, estado_id) VALUES (703, 'Alcântaras', 6);
INSERT INTO cidades (id, nome, estado_id) VALUES (704, 'Altaneira', 6);
INSERT INTO cidades (id, nome, estado_id) VALUES (705, 'Alto Santo', 6);
INSERT INTO cidades (id, nome, estado_id) VALUES (706, 'Amontada', 6);
INSERT INTO cidades (id, nome, estado_id) VALUES (707, 'Antonina do Norte', 6);
INSERT INTO cidades (id, nome, estado_id) VALUES (708, 'Apuiarés', 6);
INSERT INTO cidades (id, nome, estado_id) VALUES (709, 'Aquiraz', 6);
INSERT INTO cidades (id, nome, estado_id) VALUES (710, 'Aracati', 6);
INSERT INTO cidades (id, nome, estado_id) VALUES (711, 'Aracoiaba', 6);
INSERT INTO cidades (id, nome, estado_id) VALUES (712, 'Ararendá', 6);
INSERT INTO cidades (id, nome, estado_id) VALUES (713, 'Araripe', 6);
INSERT INTO cidades (id, nome, estado_id) VALUES (714, 'Aratuba', 6);
INSERT INTO cidades (id, nome, estado_id) VALUES (715, 'Arneiroz', 6);
INSERT INTO cidades (id, nome, estado_id) VALUES (716, 'Assaré', 6);
INSERT INTO cidades (id, nome, estado_id) VALUES (717, 'Aurora', 6);
INSERT INTO cidades (id, nome, estado_id) VALUES (718, 'Baixio', 6);
INSERT INTO cidades (id, nome, estado_id) VALUES (719, 'Banabuiú', 6);
INSERT INTO cidades (id, nome, estado_id) VALUES (720, 'Barbalha', 6);
INSERT INTO cidades (id, nome, estado_id) VALUES (721, 'Barreira', 6);
INSERT INTO cidades (id, nome, estado_id) VALUES (722, 'Barro', 6);
INSERT INTO cidades (id, nome, estado_id) VALUES (723, 'Barroquinha', 6);
INSERT INTO cidades (id, nome, estado_id) VALUES (724, 'Baturité', 6);
INSERT INTO cidades (id, nome, estado_id) VALUES (725, 'Beberibe', 6);
INSERT INTO cidades (id, nome, estado_id) VALUES (726, 'Bela Cruz', 6);
INSERT INTO cidades (id, nome, estado_id) VALUES (727, 'Boa Viagem', 6);
INSERT INTO cidades (id, nome, estado_id) VALUES (728, 'Brejo Santo', 6);
INSERT INTO cidades (id, nome, estado_id) VALUES (729, 'Camocim', 6);
INSERT INTO cidades (id, nome, estado_id) VALUES (730, 'Campos Sales', 6);
INSERT INTO cidades (id, nome, estado_id) VALUES (731, 'Canindé', 6);
INSERT INTO cidades (id, nome, estado_id) VALUES (732, 'Capistrano', 6);
INSERT INTO cidades (id, nome, estado_id) VALUES (733, 'Caridade', 6);
INSERT INTO cidades (id, nome, estado_id) VALUES (734, 'Cariré', 6);
INSERT INTO cidades (id, nome, estado_id) VALUES (735, 'Caririaçu', 6);
INSERT INTO cidades (id, nome, estado_id) VALUES (736, 'Cariús', 6);
INSERT INTO cidades (id, nome, estado_id) VALUES (737, 'Carnaubal', 6);
INSERT INTO cidades (id, nome, estado_id) VALUES (738, 'Cascavel', 6);
INSERT INTO cidades (id, nome, estado_id) VALUES (739, 'Catarina', 6);
INSERT INTO cidades (id, nome, estado_id) VALUES (740, 'Catunda', 6);
INSERT INTO cidades (id, nome, estado_id) VALUES (741, 'Caucaia', 6);
INSERT INTO cidades (id, nome, estado_id) VALUES (742, 'Cedro', 6);
INSERT INTO cidades (id, nome, estado_id) VALUES (743, 'Chaval', 6);
INSERT INTO cidades (id, nome, estado_id) VALUES (744, 'Choró', 6);
INSERT INTO cidades (id, nome, estado_id) VALUES (745, 'Chorozinho', 6);
INSERT INTO cidades (id, nome, estado_id) VALUES (746, 'Coreaú', 6);
INSERT INTO cidades (id, nome, estado_id) VALUES (747, 'Crateús', 6);
INSERT INTO cidades (id, nome, estado_id) VALUES (748, 'Crato', 6);
INSERT INTO cidades (id, nome, estado_id) VALUES (749, 'Croatá', 6);
INSERT INTO cidades (id, nome, estado_id) VALUES (750, 'Cruz', 6);
INSERT INTO cidades (id, nome, estado_id) VALUES (751, 'Deputado Irapuan Pinheiro', 6);
INSERT INTO cidades (id, nome, estado_id) VALUES (752, 'Ererê', 6);
INSERT INTO cidades (id, nome, estado_id) VALUES (753, 'Eusébio', 6);
INSERT INTO cidades (id, nome, estado_id) VALUES (754, 'Farias Brito', 6);
INSERT INTO cidades (id, nome, estado_id) VALUES (755, 'Forquilha', 6);
INSERT INTO cidades (id, nome, estado_id) VALUES (756, 'Fortaleza', 6);
INSERT INTO cidades (id, nome, estado_id) VALUES (757, 'Fortim', 6);
INSERT INTO cidades (id, nome, estado_id) VALUES (758, 'Frecheirinha', 6);
INSERT INTO cidades (id, nome, estado_id) VALUES (759, 'General Sampaio', 6);
INSERT INTO cidades (id, nome, estado_id) VALUES (760, 'Graça', 6);
INSERT INTO cidades (id, nome, estado_id) VALUES (761, 'Granja', 6);
INSERT INTO cidades (id, nome, estado_id) VALUES (762, 'Granjeiro', 6);
INSERT INTO cidades (id, nome, estado_id) VALUES (763, 'Groaíras', 6);
INSERT INTO cidades (id, nome, estado_id) VALUES (764, 'Guaiúba', 6);
INSERT INTO cidades (id, nome, estado_id) VALUES (765, 'Guaraciaba do Norte', 6);
INSERT INTO cidades (id, nome, estado_id) VALUES (766, 'Guaramiranga', 6);
INSERT INTO cidades (id, nome, estado_id) VALUES (767, 'Hidrolândia', 6);
INSERT INTO cidades (id, nome, estado_id) VALUES (768, 'Horizonte', 6);
INSERT INTO cidades (id, nome, estado_id) VALUES (769, 'Ibaretama', 6);
INSERT INTO cidades (id, nome, estado_id) VALUES (770, 'Ibiapina', 6);
INSERT INTO cidades (id, nome, estado_id) VALUES (771, 'Ibicuitinga', 6);
INSERT INTO cidades (id, nome, estado_id) VALUES (772, 'Icapuí', 6);
INSERT INTO cidades (id, nome, estado_id) VALUES (773, 'Icó', 6);
INSERT INTO cidades (id, nome, estado_id) VALUES (774, 'Iguatu', 6);
INSERT INTO cidades (id, nome, estado_id) VALUES (775, 'Independência', 6);
INSERT INTO cidades (id, nome, estado_id) VALUES (776, 'Ipaporanga', 6);
INSERT INTO cidades (id, nome, estado_id) VALUES (777, 'Ipaumirim', 6);
INSERT INTO cidades (id, nome, estado_id) VALUES (778, 'Ipu', 6);
INSERT INTO cidades (id, nome, estado_id) VALUES (779, 'Ipueiras', 6);
INSERT INTO cidades (id, nome, estado_id) VALUES (780, 'Iracema', 6);
INSERT INTO cidades (id, nome, estado_id) VALUES (781, 'Irauçuba', 6);
INSERT INTO cidades (id, nome, estado_id) VALUES (782, 'Itaiçaba', 6);
INSERT INTO cidades (id, nome, estado_id) VALUES (783, 'Itaitinga', 6);
INSERT INTO cidades (id, nome, estado_id) VALUES (784, 'Itapagé', 6);
INSERT INTO cidades (id, nome, estado_id) VALUES (785, 'Itapipoca', 6);
INSERT INTO cidades (id, nome, estado_id) VALUES (786, 'Itapiúna', 6);
INSERT INTO cidades (id, nome, estado_id) VALUES (787, 'Itarema', 6);
INSERT INTO cidades (id, nome, estado_id) VALUES (788, 'Itatira', 6);
INSERT INTO cidades (id, nome, estado_id) VALUES (789, 'Jaguaretama', 6);
INSERT INTO cidades (id, nome, estado_id) VALUES (790, 'Jaguaribara', 6);
INSERT INTO cidades (id, nome, estado_id) VALUES (791, 'Jaguaribe', 6);
INSERT INTO cidades (id, nome, estado_id) VALUES (792, 'Jaguaruana', 6);
INSERT INTO cidades (id, nome, estado_id) VALUES (793, 'Jardim', 6);
INSERT INTO cidades (id, nome, estado_id) VALUES (794, 'Jati', 6);
INSERT INTO cidades (id, nome, estado_id) VALUES (795, 'Jijoca de Jericoacoara', 6);
INSERT INTO cidades (id, nome, estado_id) VALUES (796, 'Juazeiro do Norte', 6);
INSERT INTO cidades (id, nome, estado_id) VALUES (797, 'Jucás', 6);
INSERT INTO cidades (id, nome, estado_id) VALUES (798, 'Lavras da Mangabeira', 6);
INSERT INTO cidades (id, nome, estado_id) VALUES (799, 'Limoeiro do Norte', 6);
INSERT INTO cidades (id, nome, estado_id) VALUES (800, 'Madalena', 6);
INSERT INTO cidades (id, nome, estado_id) VALUES (801, 'Maracanaú', 6);
INSERT INTO cidades (id, nome, estado_id) VALUES (802, 'Maranguape', 6);
INSERT INTO cidades (id, nome, estado_id) VALUES (803, 'Marco', 6);
INSERT INTO cidades (id, nome, estado_id) VALUES (804, 'Martinópole', 6);
INSERT INTO cidades (id, nome, estado_id) VALUES (805, 'Massapê', 6);
INSERT INTO cidades (id, nome, estado_id) VALUES (806, 'Mauriti', 6);
INSERT INTO cidades (id, nome, estado_id) VALUES (807, 'Meruoca', 6);
INSERT INTO cidades (id, nome, estado_id) VALUES (808, 'Milagres', 6);
INSERT INTO cidades (id, nome, estado_id) VALUES (809, 'Milhã', 6);
INSERT INTO cidades (id, nome, estado_id) VALUES (810, 'Miraíma', 6);
INSERT INTO cidades (id, nome, estado_id) VALUES (811, 'Missão Velha', 6);
INSERT INTO cidades (id, nome, estado_id) VALUES (812, 'Mombaça', 6);
INSERT INTO cidades (id, nome, estado_id) VALUES (813, 'Monsenhor Tabosa', 6);
INSERT INTO cidades (id, nome, estado_id) VALUES (814, 'Morada Nova', 6);
INSERT INTO cidades (id, nome, estado_id) VALUES (815, 'Moraújo', 6);
INSERT INTO cidades (id, nome, estado_id) VALUES (816, 'Morrinhos', 6);
INSERT INTO cidades (id, nome, estado_id) VALUES (817, 'Mucambo', 6);
INSERT INTO cidades (id, nome, estado_id) VALUES (818, 'Mulungu', 6);
INSERT INTO cidades (id, nome, estado_id) VALUES (819, 'Nova Olinda', 6);
INSERT INTO cidades (id, nome, estado_id) VALUES (820, 'Nova Russas', 6);
INSERT INTO cidades (id, nome, estado_id) VALUES (821, 'Novo Oriente', 6);
INSERT INTO cidades (id, nome, estado_id) VALUES (822, 'Ocara', 6);
INSERT INTO cidades (id, nome, estado_id) VALUES (823, 'Orós', 6);
INSERT INTO cidades (id, nome, estado_id) VALUES (824, 'Pacajus', 6);
INSERT INTO cidades (id, nome, estado_id) VALUES (825, 'Pacatuba', 6);
INSERT INTO cidades (id, nome, estado_id) VALUES (826, 'Pacoti', 6);
INSERT INTO cidades (id, nome, estado_id) VALUES (827, 'Pacujá', 6);
INSERT INTO cidades (id, nome, estado_id) VALUES (828, 'Palhano', 6);
INSERT INTO cidades (id, nome, estado_id) VALUES (829, 'Palmácia', 6);
INSERT INTO cidades (id, nome, estado_id) VALUES (830, 'Paracuru', 6);
INSERT INTO cidades (id, nome, estado_id) VALUES (831, 'Paraipaba', 6);
INSERT INTO cidades (id, nome, estado_id) VALUES (832, 'Parambu', 6);
INSERT INTO cidades (id, nome, estado_id) VALUES (833, 'Paramoti', 6);
INSERT INTO cidades (id, nome, estado_id) VALUES (834, 'Pedra Branca', 6);
INSERT INTO cidades (id, nome, estado_id) VALUES (835, 'Penaforte', 6);
INSERT INTO cidades (id, nome, estado_id) VALUES (836, 'Pentecoste', 6);
INSERT INTO cidades (id, nome, estado_id) VALUES (837, 'Pereiro', 6);
INSERT INTO cidades (id, nome, estado_id) VALUES (838, 'Pindoretama', 6);
INSERT INTO cidades (id, nome, estado_id) VALUES (839, 'Piquet Carneiro', 6);
INSERT INTO cidades (id, nome, estado_id) VALUES (840, 'Pires Ferreira', 6);
INSERT INTO cidades (id, nome, estado_id) VALUES (841, 'Poranga', 6);
INSERT INTO cidades (id, nome, estado_id) VALUES (842, 'Porteiras', 6);
INSERT INTO cidades (id, nome, estado_id) VALUES (843, 'Potengi', 6);
INSERT INTO cidades (id, nome, estado_id) VALUES (844, 'Potiretama', 6);
INSERT INTO cidades (id, nome, estado_id) VALUES (845, 'Quiterianópolis', 6);
INSERT INTO cidades (id, nome, estado_id) VALUES (846, 'Quixadá', 6);
INSERT INTO cidades (id, nome, estado_id) VALUES (847, 'Quixelô', 6);
INSERT INTO cidades (id, nome, estado_id) VALUES (848, 'Quixeramobim', 6);
INSERT INTO cidades (id, nome, estado_id) VALUES (849, 'Quixeré', 6);
INSERT INTO cidades (id, nome, estado_id) VALUES (850, 'Redenção', 6);
INSERT INTO cidades (id, nome, estado_id) VALUES (851, 'Reriutaba', 6);
INSERT INTO cidades (id, nome, estado_id) VALUES (852, 'Russas', 6);
INSERT INTO cidades (id, nome, estado_id) VALUES (853, 'Saboeiro', 6);
INSERT INTO cidades (id, nome, estado_id) VALUES (854, 'Salitre', 6);
INSERT INTO cidades (id, nome, estado_id) VALUES (855, 'Santa Quitéria', 6);
INSERT INTO cidades (id, nome, estado_id) VALUES (856, 'Santana do Acaraú', 6);
INSERT INTO cidades (id, nome, estado_id) VALUES (857, 'Santana do Cariri', 6);
INSERT INTO cidades (id, nome, estado_id) VALUES (858, 'São Benedito', 6);
INSERT INTO cidades (id, nome, estado_id) VALUES (859, 'São Gonçalo do Amarante', 6);
INSERT INTO cidades (id, nome, estado_id) VALUES (860, 'São João do Jaguaribe', 6);
INSERT INTO cidades (id, nome, estado_id) VALUES (861, 'São Luís do Curu', 6);
INSERT INTO cidades (id, nome, estado_id) VALUES (862, 'Senador Pompeu', 6);
INSERT INTO cidades (id, nome, estado_id) VALUES (863, 'Senador Sá', 6);
INSERT INTO cidades (id, nome, estado_id) VALUES (864, 'Sobral', 6);
INSERT INTO cidades (id, nome, estado_id) VALUES (865, 'Solonópole', 6);
INSERT INTO cidades (id, nome, estado_id) VALUES (866, 'Tabuleiro do Norte', 6);
INSERT INTO cidades (id, nome, estado_id) VALUES (867, 'Tamboril', 6);
INSERT INTO cidades (id, nome, estado_id) VALUES (868, 'Tarrafas', 6);
INSERT INTO cidades (id, nome, estado_id) VALUES (869, 'Tauá', 6);
INSERT INTO cidades (id, nome, estado_id) VALUES (870, 'Tejuçuoca', 6);
INSERT INTO cidades (id, nome, estado_id) VALUES (871, 'Tianguá', 6);
INSERT INTO cidades (id, nome, estado_id) VALUES (872, 'Trairi', 6);
INSERT INTO cidades (id, nome, estado_id) VALUES (873, 'Tururu', 6);
INSERT INTO cidades (id, nome, estado_id) VALUES (874, 'Ubajara', 6);
INSERT INTO cidades (id, nome, estado_id) VALUES (875, 'Umari', 6);
INSERT INTO cidades (id, nome, estado_id) VALUES (876, 'Umirim', 6);
INSERT INTO cidades (id, nome, estado_id) VALUES (877, 'Uruburetama', 6);
INSERT INTO cidades (id, nome, estado_id) VALUES (878, 'Uruoca', 6);
INSERT INTO cidades (id, nome, estado_id) VALUES (879, 'Varjota', 6);
INSERT INTO cidades (id, nome, estado_id) VALUES (880, 'Várzea Alegre', 6);
INSERT INTO cidades (id, nome, estado_id) VALUES (881, 'Viçosa do Ceará', 6);
INSERT INTO cidades (id, nome, estado_id) VALUES (882, 'Brasília', 7);
INSERT INTO cidades (id, nome, estado_id) VALUES (883, 'Abadia de Goiás', 9);
INSERT INTO cidades (id, nome, estado_id) VALUES (884, 'Abadiânia', 9);
INSERT INTO cidades (id, nome, estado_id) VALUES (885, 'Acreúna', 9);
INSERT INTO cidades (id, nome, estado_id) VALUES (886, 'Adelândia', 9);
INSERT INTO cidades (id, nome, estado_id) VALUES (887, 'Água Fria de Goiás', 9);
INSERT INTO cidades (id, nome, estado_id) VALUES (888, 'Água Limpa', 9);
INSERT INTO cidades (id, nome, estado_id) VALUES (889, 'Águas Lindas de Goiás', 9);
INSERT INTO cidades (id, nome, estado_id) VALUES (890, 'Alexânia', 9);
INSERT INTO cidades (id, nome, estado_id) VALUES (891, 'Aloândia', 9);
INSERT INTO cidades (id, nome, estado_id) VALUES (892, 'Alto Horizonte', 9);
INSERT INTO cidades (id, nome, estado_id) VALUES (893, 'Alto Paraíso de Goiás', 9);
INSERT INTO cidades (id, nome, estado_id) VALUES (894, 'Alvorada do Norte', 9);
INSERT INTO cidades (id, nome, estado_id) VALUES (895, 'Amaralina', 9);
INSERT INTO cidades (id, nome, estado_id) VALUES (896, 'Americano do Brasil', 9);
INSERT INTO cidades (id, nome, estado_id) VALUES (897, 'Amorinópolis', 9);
INSERT INTO cidades (id, nome, estado_id) VALUES (898, 'Anápolis', 9);
INSERT INTO cidades (id, nome, estado_id) VALUES (899, 'Anhanguera', 9);
INSERT INTO cidades (id, nome, estado_id) VALUES (900, 'Anicuns', 9);
INSERT INTO cidades (id, nome, estado_id) VALUES (901, 'Aparecida de Goiânia', 9);
INSERT INTO cidades (id, nome, estado_id) VALUES (902, 'Aparecida do Rio Doce', 9);
INSERT INTO cidades (id, nome, estado_id) VALUES (903, 'Aporé', 9);
INSERT INTO cidades (id, nome, estado_id) VALUES (904, 'Araçu', 9);
INSERT INTO cidades (id, nome, estado_id) VALUES (905, 'Aragarças', 9);
INSERT INTO cidades (id, nome, estado_id) VALUES (906, 'Aragoiânia', 9);
INSERT INTO cidades (id, nome, estado_id) VALUES (907, 'Araguapaz', 9);
INSERT INTO cidades (id, nome, estado_id) VALUES (908, 'Arenópolis', 9);
INSERT INTO cidades (id, nome, estado_id) VALUES (909, 'Aruanã', 9);
INSERT INTO cidades (id, nome, estado_id) VALUES (910, 'Aurilândia', 9);
INSERT INTO cidades (id, nome, estado_id) VALUES (911, 'Avelinópolis', 9);
INSERT INTO cidades (id, nome, estado_id) VALUES (912, 'Baliza', 9);
INSERT INTO cidades (id, nome, estado_id) VALUES (913, 'Barro Alto', 9);
INSERT INTO cidades (id, nome, estado_id) VALUES (914, 'Bela Vista de Goiás', 9);
INSERT INTO cidades (id, nome, estado_id) VALUES (915, 'Bom Jardim de Goiás', 9);
INSERT INTO cidades (id, nome, estado_id) VALUES (916, 'Bom Jesus de Goiás', 9);
INSERT INTO cidades (id, nome, estado_id) VALUES (917, 'Bonfinópolis', 9);
INSERT INTO cidades (id, nome, estado_id) VALUES (918, 'Bonópolis', 9);
INSERT INTO cidades (id, nome, estado_id) VALUES (919, 'Brazabrantes', 9);
INSERT INTO cidades (id, nome, estado_id) VALUES (920, 'Britânia', 9);
INSERT INTO cidades (id, nome, estado_id) VALUES (921, 'Buriti Alegre', 9);
INSERT INTO cidades (id, nome, estado_id) VALUES (922, 'Buriti de Goiás', 9);
INSERT INTO cidades (id, nome, estado_id) VALUES (923, 'Buritinópolis', 9);
INSERT INTO cidades (id, nome, estado_id) VALUES (924, 'Cabeceiras', 9);
INSERT INTO cidades (id, nome, estado_id) VALUES (925, 'Cachoeira Alta', 9);
INSERT INTO cidades (id, nome, estado_id) VALUES (926, 'Cachoeira de Goiás', 9);
INSERT INTO cidades (id, nome, estado_id) VALUES (927, 'Cachoeira Dourada', 9);
INSERT INTO cidades (id, nome, estado_id) VALUES (928, 'Caçu', 9);
INSERT INTO cidades (id, nome, estado_id) VALUES (929, 'Caiapônia', 9);
INSERT INTO cidades (id, nome, estado_id) VALUES (930, 'Caldas Novas', 9);
INSERT INTO cidades (id, nome, estado_id) VALUES (931, 'Caldazinha', 9);
INSERT INTO cidades (id, nome, estado_id) VALUES (932, 'Campestre de Goiás', 9);
INSERT INTO cidades (id, nome, estado_id) VALUES (933, 'Campinaçu', 9);
INSERT INTO cidades (id, nome, estado_id) VALUES (934, 'Campinorte', 9);
INSERT INTO cidades (id, nome, estado_id) VALUES (935, 'Campo Alegre de Goiás', 9);
INSERT INTO cidades (id, nome, estado_id) VALUES (936, 'Campo Limpo de Goiás', 9);
INSERT INTO cidades (id, nome, estado_id) VALUES (937, 'Campos Belos', 9);
INSERT INTO cidades (id, nome, estado_id) VALUES (938, 'Campos Verdes', 9);
INSERT INTO cidades (id, nome, estado_id) VALUES (939, 'Carmo do Rio Verde', 9);
INSERT INTO cidades (id, nome, estado_id) VALUES (940, 'Castelândia', 9);
INSERT INTO cidades (id, nome, estado_id) VALUES (941, 'Catalão', 9);
INSERT INTO cidades (id, nome, estado_id) VALUES (942, 'Caturaí', 9);
INSERT INTO cidades (id, nome, estado_id) VALUES (943, 'Cavalcante', 9);
INSERT INTO cidades (id, nome, estado_id) VALUES (944, 'Ceres', 9);
INSERT INTO cidades (id, nome, estado_id) VALUES (945, 'Cezarina', 9);
INSERT INTO cidades (id, nome, estado_id) VALUES (946, 'Chapadão do Céu', 9);
INSERT INTO cidades (id, nome, estado_id) VALUES (947, 'Cidade Ocidental', 9);
INSERT INTO cidades (id, nome, estado_id) VALUES (948, 'Cocalzinho de Goiás', 9);
INSERT INTO cidades (id, nome, estado_id) VALUES (949, 'Colinas do Sul', 9);
INSERT INTO cidades (id, nome, estado_id) VALUES (950, 'Córrego do Ouro', 9);
INSERT INTO cidades (id, nome, estado_id) VALUES (951, 'Corumbá de Goiás', 9);
INSERT INTO cidades (id, nome, estado_id) VALUES (952, 'Corumbaíba', 9);
INSERT INTO cidades (id, nome, estado_id) VALUES (953, 'Cristalina', 9);
INSERT INTO cidades (id, nome, estado_id) VALUES (954, 'Cristianópolis', 9);
INSERT INTO cidades (id, nome, estado_id) VALUES (955, 'Crixás', 9);
INSERT INTO cidades (id, nome, estado_id) VALUES (956, 'Cromínia', 9);
INSERT INTO cidades (id, nome, estado_id) VALUES (957, 'Cumari', 9);
INSERT INTO cidades (id, nome, estado_id) VALUES (958, 'Damianópolis', 9);
INSERT INTO cidades (id, nome, estado_id) VALUES (959, 'Damolândia', 9);
INSERT INTO cidades (id, nome, estado_id) VALUES (960, 'Davinópolis', 9);
INSERT INTO cidades (id, nome, estado_id) VALUES (961, 'Diorama', 9);
INSERT INTO cidades (id, nome, estado_id) VALUES (962, 'Divinópolis de Goiás', 9);
INSERT INTO cidades (id, nome, estado_id) VALUES (963, 'Doverlândia', 9);
INSERT INTO cidades (id, nome, estado_id) VALUES (964, 'Edealina', 9);
INSERT INTO cidades (id, nome, estado_id) VALUES (965, 'Edéia', 9);
INSERT INTO cidades (id, nome, estado_id) VALUES (966, 'Estrela do Norte', 9);
INSERT INTO cidades (id, nome, estado_id) VALUES (967, 'Faina', 9);
INSERT INTO cidades (id, nome, estado_id) VALUES (968, 'Fazenda Nova', 9);
INSERT INTO cidades (id, nome, estado_id) VALUES (969, 'Firminópolis', 9);
INSERT INTO cidades (id, nome, estado_id) VALUES (970, 'Flores de Goiás', 9);
INSERT INTO cidades (id, nome, estado_id) VALUES (971, 'Formosa', 9);
INSERT INTO cidades (id, nome, estado_id) VALUES (972, 'Formoso', 9);
INSERT INTO cidades (id, nome, estado_id) VALUES (973, 'Gameleira de Goiás', 9);
INSERT INTO cidades (id, nome, estado_id) VALUES (974, 'Goianápolis', 9);
INSERT INTO cidades (id, nome, estado_id) VALUES (975, 'Goiandira', 9);
INSERT INTO cidades (id, nome, estado_id) VALUES (976, 'Goianésia', 9);
INSERT INTO cidades (id, nome, estado_id) VALUES (977, 'Goiânia', 9);
INSERT INTO cidades (id, nome, estado_id) VALUES (978, 'Goianira', 9);
INSERT INTO cidades (id, nome, estado_id) VALUES (979, 'Goiás', 9);
INSERT INTO cidades (id, nome, estado_id) VALUES (980, 'Goiatuba', 9);
INSERT INTO cidades (id, nome, estado_id) VALUES (981, 'Gouvelândia', 9);
INSERT INTO cidades (id, nome, estado_id) VALUES (982, 'Guapó', 9);
INSERT INTO cidades (id, nome, estado_id) VALUES (983, 'Guaraíta', 9);
INSERT INTO cidades (id, nome, estado_id) VALUES (984, 'Guarani de Goiás', 9);
INSERT INTO cidades (id, nome, estado_id) VALUES (985, 'Guarinos', 9);
INSERT INTO cidades (id, nome, estado_id) VALUES (986, 'Heitoraí', 9);
INSERT INTO cidades (id, nome, estado_id) VALUES (987, 'Hidrolândia', 9);
INSERT INTO cidades (id, nome, estado_id) VALUES (988, 'Hidrolina', 9);
INSERT INTO cidades (id, nome, estado_id) VALUES (989, 'Iaciara', 9);
INSERT INTO cidades (id, nome, estado_id) VALUES (990, 'Inaciolândia', 9);
INSERT INTO cidades (id, nome, estado_id) VALUES (991, 'Indiara', 9);
INSERT INTO cidades (id, nome, estado_id) VALUES (992, 'Inhumas', 9);
INSERT INTO cidades (id, nome, estado_id) VALUES (993, 'Ipameri', 9);
INSERT INTO cidades (id, nome, estado_id) VALUES (994, 'Ipiranga de Goiás', 9);
INSERT INTO cidades (id, nome, estado_id) VALUES (995, 'Iporá', 9);
INSERT INTO cidades (id, nome, estado_id) VALUES (996, 'Israelândia', 9);
INSERT INTO cidades (id, nome, estado_id) VALUES (997, 'Itaberaí', 9);
INSERT INTO cidades (id, nome, estado_id) VALUES (998, 'Itaguari', 9);
INSERT INTO cidades (id, nome, estado_id) VALUES (999, 'Itaguaru', 9);
INSERT INTO cidades (id, nome, estado_id) VALUES (1000, 'Itajá', 9);
INSERT INTO cidades (id, nome, estado_id) VALUES (1001, 'Itapaci', 9);
INSERT INTO cidades (id, nome, estado_id) VALUES (1002, 'Itapirapuã', 9);
INSERT INTO cidades (id, nome, estado_id) VALUES (1003, 'Itapuranga', 9);
INSERT INTO cidades (id, nome, estado_id) VALUES (1004, 'Itarumã', 9);
INSERT INTO cidades (id, nome, estado_id) VALUES (1005, 'Itauçu', 9);
INSERT INTO cidades (id, nome, estado_id) VALUES (1006, 'Itumbiara', 9);
INSERT INTO cidades (id, nome, estado_id) VALUES (1007, 'Ivolândia', 9);
INSERT INTO cidades (id, nome, estado_id) VALUES (1008, 'Jandaia', 9);
INSERT INTO cidades (id, nome, estado_id) VALUES (1009, 'Jaraguá', 9);
INSERT INTO cidades (id, nome, estado_id) VALUES (1010, 'Jataí', 9);
INSERT INTO cidades (id, nome, estado_id) VALUES (1011, 'Jaupaci', 9);
INSERT INTO cidades (id, nome, estado_id) VALUES (1012, 'Jesúpolis', 9);
INSERT INTO cidades (id, nome, estado_id) VALUES (1013, 'Joviânia', 9);
INSERT INTO cidades (id, nome, estado_id) VALUES (1014, 'Jussara', 9);
INSERT INTO cidades (id, nome, estado_id) VALUES (1015, 'Lagoa Santa', 9);
INSERT INTO cidades (id, nome, estado_id) VALUES (1016, 'Leopoldo de Bulhões', 9);
INSERT INTO cidades (id, nome, estado_id) VALUES (1017, 'Luziânia', 9);
INSERT INTO cidades (id, nome, estado_id) VALUES (1018, 'Mairipotaba', 9);
INSERT INTO cidades (id, nome, estado_id) VALUES (1019, 'Mambaí', 9);
INSERT INTO cidades (id, nome, estado_id) VALUES (1020, 'Mara Rosa', 9);
INSERT INTO cidades (id, nome, estado_id) VALUES (1021, 'Marzagão', 9);
INSERT INTO cidades (id, nome, estado_id) VALUES (1022, 'Matrinchã', 9);
INSERT INTO cidades (id, nome, estado_id) VALUES (1023, 'Maurilândia', 9);
INSERT INTO cidades (id, nome, estado_id) VALUES (1024, 'Mimoso de Goiás', 9);
INSERT INTO cidades (id, nome, estado_id) VALUES (1025, 'Minaçu', 9);
INSERT INTO cidades (id, nome, estado_id) VALUES (1026, 'Mineiros', 9);
INSERT INTO cidades (id, nome, estado_id) VALUES (1027, 'Moiporá', 9);
INSERT INTO cidades (id, nome, estado_id) VALUES (1028, 'Monte Alegre de Goiás', 9);
INSERT INTO cidades (id, nome, estado_id) VALUES (1029, 'Montes Claros de Goiás', 9);
INSERT INTO cidades (id, nome, estado_id) VALUES (1030, 'Montividiu', 9);
INSERT INTO cidades (id, nome, estado_id) VALUES (1031, 'Montividiu do Norte', 9);
INSERT INTO cidades (id, nome, estado_id) VALUES (1032, 'Morrinhos', 9);
INSERT INTO cidades (id, nome, estado_id) VALUES (1033, 'Morro Agudo de Goiás', 9);
INSERT INTO cidades (id, nome, estado_id) VALUES (1034, 'Mossâmedes', 9);
INSERT INTO cidades (id, nome, estado_id) VALUES (1035, 'Mozarlândia', 9);
INSERT INTO cidades (id, nome, estado_id) VALUES (1036, 'Mundo Novo', 9);
INSERT INTO cidades (id, nome, estado_id) VALUES (1037, 'Mutunópolis', 9);
INSERT INTO cidades (id, nome, estado_id) VALUES (1038, 'Nazário', 9);
INSERT INTO cidades (id, nome, estado_id) VALUES (1039, 'Nerópolis', 9);
INSERT INTO cidades (id, nome, estado_id) VALUES (1040, 'Niquelândia', 9);
INSERT INTO cidades (id, nome, estado_id) VALUES (1041, 'Nova América', 9);
INSERT INTO cidades (id, nome, estado_id) VALUES (1042, 'Nova Aurora', 9);
INSERT INTO cidades (id, nome, estado_id) VALUES (1043, 'Nova Crixás', 9);
INSERT INTO cidades (id, nome, estado_id) VALUES (1044, 'Nova Glória', 9);
INSERT INTO cidades (id, nome, estado_id) VALUES (1045, 'Nova Iguaçu de Goiás', 9);
INSERT INTO cidades (id, nome, estado_id) VALUES (1046, 'Nova Roma', 9);
INSERT INTO cidades (id, nome, estado_id) VALUES (1047, 'Nova Veneza', 9);
INSERT INTO cidades (id, nome, estado_id) VALUES (1048, 'Novo Brasil', 9);
INSERT INTO cidades (id, nome, estado_id) VALUES (1049, 'Novo Gama', 9);
INSERT INTO cidades (id, nome, estado_id) VALUES (1050, 'Novo Planalto', 9);
INSERT INTO cidades (id, nome, estado_id) VALUES (1051, 'Orizona', 9);
INSERT INTO cidades (id, nome, estado_id) VALUES (1052, 'Ouro Verde de Goiás', 9);
INSERT INTO cidades (id, nome, estado_id) VALUES (1053, 'Ouvidor', 9);
INSERT INTO cidades (id, nome, estado_id) VALUES (1054, 'Padre Bernardo', 9);
INSERT INTO cidades (id, nome, estado_id) VALUES (1055, 'Palestina de Goiás', 9);
INSERT INTO cidades (id, nome, estado_id) VALUES (1056, 'Palmeiras de Goiás', 9);
INSERT INTO cidades (id, nome, estado_id) VALUES (1057, 'Palmelo', 9);
INSERT INTO cidades (id, nome, estado_id) VALUES (1058, 'Palminópolis', 9);
INSERT INTO cidades (id, nome, estado_id) VALUES (1059, 'Panamá', 9);
INSERT INTO cidades (id, nome, estado_id) VALUES (1060, 'Paranaiguara', 9);
INSERT INTO cidades (id, nome, estado_id) VALUES (1061, 'Paraúna', 9);
INSERT INTO cidades (id, nome, estado_id) VALUES (1062, 'Perolândia', 9);
INSERT INTO cidades (id, nome, estado_id) VALUES (1063, 'Petrolina de Goiás', 9);
INSERT INTO cidades (id, nome, estado_id) VALUES (1064, 'Pilar de Goiás', 9);
INSERT INTO cidades (id, nome, estado_id) VALUES (1065, 'Piracanjuba', 9);
INSERT INTO cidades (id, nome, estado_id) VALUES (1066, 'Piranhas', 9);
INSERT INTO cidades (id, nome, estado_id) VALUES (1067, 'Pirenópolis', 9);
INSERT INTO cidades (id, nome, estado_id) VALUES (1068, 'Pires do Rio', 9);
INSERT INTO cidades (id, nome, estado_id) VALUES (1069, 'Planaltina', 9);
INSERT INTO cidades (id, nome, estado_id) VALUES (1070, 'Pontalina', 9);
INSERT INTO cidades (id, nome, estado_id) VALUES (1071, 'Porangatu', 9);
INSERT INTO cidades (id, nome, estado_id) VALUES (1072, 'Porteirão', 9);
INSERT INTO cidades (id, nome, estado_id) VALUES (1073, 'Portelândia', 9);
INSERT INTO cidades (id, nome, estado_id) VALUES (1074, 'Posse', 9);
INSERT INTO cidades (id, nome, estado_id) VALUES (1075, 'Professor Jamil', 9);
INSERT INTO cidades (id, nome, estado_id) VALUES (1076, 'Quirinópolis', 9);
INSERT INTO cidades (id, nome, estado_id) VALUES (1077, 'Rialma', 9);
INSERT INTO cidades (id, nome, estado_id) VALUES (1078, 'Rianápolis', 9);
INSERT INTO cidades (id, nome, estado_id) VALUES (1079, 'Rio Quente', 9);
INSERT INTO cidades (id, nome, estado_id) VALUES (1080, 'Rio Verde', 9);
INSERT INTO cidades (id, nome, estado_id) VALUES (1081, 'Rubiataba', 9);
INSERT INTO cidades (id, nome, estado_id) VALUES (1082, 'Sanclerlândia', 9);
INSERT INTO cidades (id, nome, estado_id) VALUES (1083, 'Santa Bárbara de Goiás', 9);
INSERT INTO cidades (id, nome, estado_id) VALUES (1084, 'Santa Cruz de Goiás', 9);
INSERT INTO cidades (id, nome, estado_id) VALUES (1085, 'Santa Fé de Goiás', 9);
INSERT INTO cidades (id, nome, estado_id) VALUES (1086, 'Santa Helena de Goiás', 9);
INSERT INTO cidades (id, nome, estado_id) VALUES (1087, 'Santa Isabel', 9);
INSERT INTO cidades (id, nome, estado_id) VALUES (1088, 'Santa Rita do Araguaia', 9);
INSERT INTO cidades (id, nome, estado_id) VALUES (1089, 'Santa Rita do Novo Destino', 9);
INSERT INTO cidades (id, nome, estado_id) VALUES (1090, 'Santa Rosa de Goiás', 9);
INSERT INTO cidades (id, nome, estado_id) VALUES (1091, 'Santa Tereza de Goiás', 9);
INSERT INTO cidades (id, nome, estado_id) VALUES (1092, 'Santa Terezinha de Goiás', 9);
INSERT INTO cidades (id, nome, estado_id) VALUES (1093, 'Santo Antônio da Barra', 9);
INSERT INTO cidades (id, nome, estado_id) VALUES (1094, 'Santo Antônio de Goiás', 9);
INSERT INTO cidades (id, nome, estado_id) VALUES (1095, 'Santo Antônio do Descoberto', 9);
INSERT INTO cidades (id, nome, estado_id) VALUES (1096, 'São Domingos', 9);
INSERT INTO cidades (id, nome, estado_id) VALUES (1097, 'São Francisco de Goiás', 9);
INSERT INTO cidades (id, nome, estado_id) VALUES (1098, 'São João d`Aliança', 9);
INSERT INTO cidades (id, nome, estado_id) VALUES (1099, 'São João da Paraúna', 9);
INSERT INTO cidades (id, nome, estado_id) VALUES (1100, 'São Luís de Montes Belos', 9);
INSERT INTO cidades (id, nome, estado_id) VALUES (1101, 'São Luíz do Norte', 9);
INSERT INTO cidades (id, nome, estado_id) VALUES (1102, 'São Miguel do Araguaia', 9);
INSERT INTO cidades (id, nome, estado_id) VALUES (1103, 'São Miguel do Passa Quatro', 9);
INSERT INTO cidades (id, nome, estado_id) VALUES (1104, 'São Patrício', 9);
INSERT INTO cidades (id, nome, estado_id) VALUES (1105, 'São Simão', 9);
INSERT INTO cidades (id, nome, estado_id) VALUES (1106, 'Senador Canedo', 9);
INSERT INTO cidades (id, nome, estado_id) VALUES (1107, 'Serranópolis', 9);
INSERT INTO cidades (id, nome, estado_id) VALUES (1108, 'Silvânia', 9);
INSERT INTO cidades (id, nome, estado_id) VALUES (1109, 'Simolândia', 9);
INSERT INTO cidades (id, nome, estado_id) VALUES (1110, 'Sítio d`Abadia', 9);
INSERT INTO cidades (id, nome, estado_id) VALUES (1111, 'Taquaral de Goiás', 9);
INSERT INTO cidades (id, nome, estado_id) VALUES (1112, 'Teresina de Goiás', 9);
INSERT INTO cidades (id, nome, estado_id) VALUES (1113, 'Terezópolis de Goiás', 9);
INSERT INTO cidades (id, nome, estado_id) VALUES (1114, 'Três Ranchos', 9);
INSERT INTO cidades (id, nome, estado_id) VALUES (1115, 'Trindade', 9);
INSERT INTO cidades (id, nome, estado_id) VALUES (1116, 'Trombas', 9);
INSERT INTO cidades (id, nome, estado_id) VALUES (1117, 'Turvânia', 9);
INSERT INTO cidades (id, nome, estado_id) VALUES (1118, 'Turvelândia', 9);
INSERT INTO cidades (id, nome, estado_id) VALUES (1119, 'Uirapuru', 9);
INSERT INTO cidades (id, nome, estado_id) VALUES (1120, 'Uruaçu', 9);
INSERT INTO cidades (id, nome, estado_id) VALUES (1121, 'Uruana', 9);
INSERT INTO cidades (id, nome, estado_id) VALUES (1122, 'Urutaí', 9);
INSERT INTO cidades (id, nome, estado_id) VALUES (1123, 'Valparaíso de Goiás', 9);
INSERT INTO cidades (id, nome, estado_id) VALUES (1124, 'Varjão', 9);
INSERT INTO cidades (id, nome, estado_id) VALUES (1125, 'Vianópolis', 9);
INSERT INTO cidades (id, nome, estado_id) VALUES (1126, 'Vicentinópolis', 9);
INSERT INTO cidades (id, nome, estado_id) VALUES (1127, 'Vila Boa', 9);
INSERT INTO cidades (id, nome, estado_id) VALUES (1128, 'Vila Propício', 9);
INSERT INTO cidades (id, nome, estado_id) VALUES (1129, 'Açailândia', 10);
INSERT INTO cidades (id, nome, estado_id) VALUES (1130, 'Afonso Cunha', 10);
INSERT INTO cidades (id, nome, estado_id) VALUES (1131, 'Água Doce do Maranhão', 10);
INSERT INTO cidades (id, nome, estado_id) VALUES (1132, 'Alcântara', 10);
INSERT INTO cidades (id, nome, estado_id) VALUES (1133, 'Aldeias Altas', 10);
INSERT INTO cidades (id, nome, estado_id) VALUES (1134, 'Altamira do Maranhão', 10);
INSERT INTO cidades (id, nome, estado_id) VALUES (1135, 'Alto Alegre do Maranhão', 10);
INSERT INTO cidades (id, nome, estado_id) VALUES (1136, 'Alto Alegre do Pindaré', 10);
INSERT INTO cidades (id, nome, estado_id) VALUES (1137, 'Alto Parnaíba', 10);
INSERT INTO cidades (id, nome, estado_id) VALUES (1138, 'Amapá do Maranhão', 10);
INSERT INTO cidades (id, nome, estado_id) VALUES (1139, 'Amarante do Maranhão', 10);
INSERT INTO cidades (id, nome, estado_id) VALUES (1140, 'Anajatuba', 10);
INSERT INTO cidades (id, nome, estado_id) VALUES (1141, 'Anapurus', 10);
INSERT INTO cidades (id, nome, estado_id) VALUES (1142, 'Apicum-Açu', 10);
INSERT INTO cidades (id, nome, estado_id) VALUES (1143, 'Araguanã', 10);
INSERT INTO cidades (id, nome, estado_id) VALUES (1144, 'Araioses', 10);
INSERT INTO cidades (id, nome, estado_id) VALUES (1145, 'Arame', 10);
INSERT INTO cidades (id, nome, estado_id) VALUES (1146, 'Arari', 10);
INSERT INTO cidades (id, nome, estado_id) VALUES (1147, 'Axixá', 10);
INSERT INTO cidades (id, nome, estado_id) VALUES (1148, 'Bacabal', 10);
INSERT INTO cidades (id, nome, estado_id) VALUES (1149, 'Bacabeira', 10);
INSERT INTO cidades (id, nome, estado_id) VALUES (1150, 'Bacuri', 10);
INSERT INTO cidades (id, nome, estado_id) VALUES (1151, 'Bacurituba', 10);
INSERT INTO cidades (id, nome, estado_id) VALUES (1152, 'Balsas', 10);
INSERT INTO cidades (id, nome, estado_id) VALUES (1153, 'Barão de Grajaú', 10);
INSERT INTO cidades (id, nome, estado_id) VALUES (1154, 'Barra do Corda', 10);
INSERT INTO cidades (id, nome, estado_id) VALUES (1155, 'Barreirinhas', 10);
INSERT INTO cidades (id, nome, estado_id) VALUES (1156, 'Bela Vista do Maranhão', 10);
INSERT INTO cidades (id, nome, estado_id) VALUES (1157, 'Belágua', 10);
INSERT INTO cidades (id, nome, estado_id) VALUES (1158, 'Benedito Leite', 10);
INSERT INTO cidades (id, nome, estado_id) VALUES (1159, 'Bequimão', 10);
INSERT INTO cidades (id, nome, estado_id) VALUES (1160, 'Bernardo do Mearim', 10);
INSERT INTO cidades (id, nome, estado_id) VALUES (1161, 'Boa Vista do Gurupi', 10);
INSERT INTO cidades (id, nome, estado_id) VALUES (1162, 'Bom Jardim', 10);
INSERT INTO cidades (id, nome, estado_id) VALUES (1163, 'Bom Jesus das Selvas', 10);
INSERT INTO cidades (id, nome, estado_id) VALUES (1164, 'Bom Lugar', 10);
INSERT INTO cidades (id, nome, estado_id) VALUES (1165, 'Brejo', 10);
INSERT INTO cidades (id, nome, estado_id) VALUES (1166, 'Brejo de Areia', 10);
INSERT INTO cidades (id, nome, estado_id) VALUES (1167, 'Buriti', 10);
INSERT INTO cidades (id, nome, estado_id) VALUES (1168, 'Buriti Bravo', 10);
INSERT INTO cidades (id, nome, estado_id) VALUES (1169, 'Buriticupu', 10);
INSERT INTO cidades (id, nome, estado_id) VALUES (1170, 'Buritirana', 10);
INSERT INTO cidades (id, nome, estado_id) VALUES (1171, 'Cachoeira Grande', 10);
INSERT INTO cidades (id, nome, estado_id) VALUES (1172, 'Cajapió', 10);
INSERT INTO cidades (id, nome, estado_id) VALUES (1173, 'Cajari', 10);
INSERT INTO cidades (id, nome, estado_id) VALUES (1174, 'Campestre do Maranhão', 10);
INSERT INTO cidades (id, nome, estado_id) VALUES (1175, 'Cândido Mendes', 10);
INSERT INTO cidades (id, nome, estado_id) VALUES (1176, 'Cantanhede', 10);
INSERT INTO cidades (id, nome, estado_id) VALUES (1177, 'Capinzal do Norte', 10);
INSERT INTO cidades (id, nome, estado_id) VALUES (1178, 'Carolina', 10);
INSERT INTO cidades (id, nome, estado_id) VALUES (1179, 'Carutapera', 10);
INSERT INTO cidades (id, nome, estado_id) VALUES (1180, 'Caxias', 10);
INSERT INTO cidades (id, nome, estado_id) VALUES (1181, 'Cedral', 10);
INSERT INTO cidades (id, nome, estado_id) VALUES (1182, 'Central do Maranhão', 10);
INSERT INTO cidades (id, nome, estado_id) VALUES (1183, 'Centro do Guilherme', 10);
INSERT INTO cidades (id, nome, estado_id) VALUES (1184, 'Centro Novo do Maranhão', 10);
INSERT INTO cidades (id, nome, estado_id) VALUES (1185, 'Chapadinha', 10);
INSERT INTO cidades (id, nome, estado_id) VALUES (1186, 'Cidelândia', 10);
INSERT INTO cidades (id, nome, estado_id) VALUES (1187, 'Codó', 10);
INSERT INTO cidades (id, nome, estado_id) VALUES (1188, 'Coelho Neto', 10);
INSERT INTO cidades (id, nome, estado_id) VALUES (1189, 'Colinas', 10);
INSERT INTO cidades (id, nome, estado_id) VALUES (1190, 'Conceição do Lago-Açu', 10);
INSERT INTO cidades (id, nome, estado_id) VALUES (1191, 'Coroatá', 10);
INSERT INTO cidades (id, nome, estado_id) VALUES (1192, 'Cururupu', 10);
INSERT INTO cidades (id, nome, estado_id) VALUES (1193, 'Davinópolis', 10);
INSERT INTO cidades (id, nome, estado_id) VALUES (1194, 'Dom Pedro', 10);
INSERT INTO cidades (id, nome, estado_id) VALUES (1195, 'Duque Bacelar', 10);
INSERT INTO cidades (id, nome, estado_id) VALUES (1196, 'Esperantinópolis', 10);
INSERT INTO cidades (id, nome, estado_id) VALUES (1197, 'Estreito', 10);
INSERT INTO cidades (id, nome, estado_id) VALUES (1198, 'Feira Nova do Maranhão', 10);
INSERT INTO cidades (id, nome, estado_id) VALUES (1199, 'Fernando Falcão', 10);
INSERT INTO cidades (id, nome, estado_id) VALUES (1200, 'Formosa da Serra Negra', 10);
INSERT INTO cidades (id, nome, estado_id) VALUES (1201, 'Fortaleza dos Nogueiras', 10);
INSERT INTO cidades (id, nome, estado_id) VALUES (1202, 'Fortuna', 10);
INSERT INTO cidades (id, nome, estado_id) VALUES (1203, 'Godofredo Viana', 10);
INSERT INTO cidades (id, nome, estado_id) VALUES (1204, 'Gonçalves Dias', 10);
INSERT INTO cidades (id, nome, estado_id) VALUES (1205, 'Governador Archer', 10);
INSERT INTO cidades (id, nome, estado_id) VALUES (1206, 'Governador Edison Lobão', 10);
INSERT INTO cidades (id, nome, estado_id) VALUES (1207, 'Governador Eugênio Barros', 10);
INSERT INTO cidades (id, nome, estado_id) VALUES (1208, 'Governador Luiz Rocha', 10);
INSERT INTO cidades (id, nome, estado_id) VALUES (1209, 'Governador Newton Bello', 10);
INSERT INTO cidades (id, nome, estado_id) VALUES (1210, 'Governador Nunes Freire', 10);
INSERT INTO cidades (id, nome, estado_id) VALUES (1211, 'Graça Aranha', 10);
INSERT INTO cidades (id, nome, estado_id) VALUES (1212, 'Grajaú', 10);
INSERT INTO cidades (id, nome, estado_id) VALUES (1213, 'Guimarães', 10);
INSERT INTO cidades (id, nome, estado_id) VALUES (1214, 'Humberto de Campos', 10);
INSERT INTO cidades (id, nome, estado_id) VALUES (1215, 'Icatu', 10);
INSERT INTO cidades (id, nome, estado_id) VALUES (1216, 'Igarapé do Meio', 10);
INSERT INTO cidades (id, nome, estado_id) VALUES (1217, 'Igarapé Grande', 10);
INSERT INTO cidades (id, nome, estado_id) VALUES (1218, 'Imperatriz', 10);
INSERT INTO cidades (id, nome, estado_id) VALUES (1219, 'Itaipava do Grajaú', 10);
INSERT INTO cidades (id, nome, estado_id) VALUES (1220, 'Itapecuru Mirim', 10);
INSERT INTO cidades (id, nome, estado_id) VALUES (1221, 'Itinga do Maranhão', 10);
INSERT INTO cidades (id, nome, estado_id) VALUES (1222, 'Jatobá', 10);
INSERT INTO cidades (id, nome, estado_id) VALUES (1223, 'Jenipapo dos Vieiras', 10);
INSERT INTO cidades (id, nome, estado_id) VALUES (1224, 'João Lisboa', 10);
INSERT INTO cidades (id, nome, estado_id) VALUES (1225, 'Joselândia', 10);
INSERT INTO cidades (id, nome, estado_id) VALUES (1226, 'Junco do Maranhão', 10);
INSERT INTO cidades (id, nome, estado_id) VALUES (1227, 'Lago da Pedra', 10);
INSERT INTO cidades (id, nome, estado_id) VALUES (1228, 'Lago do Junco', 10);
INSERT INTO cidades (id, nome, estado_id) VALUES (1229, 'Lago dos Rodrigues', 10);
INSERT INTO cidades (id, nome, estado_id) VALUES (1230, 'Lago Verde', 10);
INSERT INTO cidades (id, nome, estado_id) VALUES (1231, 'Lagoa do Mato', 10);
INSERT INTO cidades (id, nome, estado_id) VALUES (1232, 'Lagoa Grande do Maranhão', 10);
INSERT INTO cidades (id, nome, estado_id) VALUES (1233, 'Lajeado Novo', 10);
INSERT INTO cidades (id, nome, estado_id) VALUES (1234, 'Lima Campos', 10);
INSERT INTO cidades (id, nome, estado_id) VALUES (1235, 'Loreto', 10);
INSERT INTO cidades (id, nome, estado_id) VALUES (1236, 'Luís Domingues', 10);
INSERT INTO cidades (id, nome, estado_id) VALUES (1237, 'Magalhães de Almeida', 10);
INSERT INTO cidades (id, nome, estado_id) VALUES (1238, 'Maracaçumé', 10);
INSERT INTO cidades (id, nome, estado_id) VALUES (1239, 'Marajá do Sena', 10);
INSERT INTO cidades (id, nome, estado_id) VALUES (1240, 'Maranhãozinho', 10);
INSERT INTO cidades (id, nome, estado_id) VALUES (1241, 'Mata Roma', 10);
INSERT INTO cidades (id, nome, estado_id) VALUES (1242, 'Matinha', 10);
INSERT INTO cidades (id, nome, estado_id) VALUES (1243, 'Matões', 10);
INSERT INTO cidades (id, nome, estado_id) VALUES (1244, 'Matões do Norte', 10);
INSERT INTO cidades (id, nome, estado_id) VALUES (1245, 'Milagres do Maranhão', 10);
INSERT INTO cidades (id, nome, estado_id) VALUES (1246, 'Mirador', 10);
INSERT INTO cidades (id, nome, estado_id) VALUES (1247, 'Miranda do Norte', 10);
INSERT INTO cidades (id, nome, estado_id) VALUES (1248, 'Mirinzal', 10);
INSERT INTO cidades (id, nome, estado_id) VALUES (1249, 'Monção', 10);
INSERT INTO cidades (id, nome, estado_id) VALUES (1250, 'Montes Altos', 10);
INSERT INTO cidades (id, nome, estado_id) VALUES (1251, 'Morros', 10);
INSERT INTO cidades (id, nome, estado_id) VALUES (1252, 'Nina Rodrigues', 10);
INSERT INTO cidades (id, nome, estado_id) VALUES (1253, 'Nova Colinas', 10);
INSERT INTO cidades (id, nome, estado_id) VALUES (1254, 'Nova Iorque', 10);
INSERT INTO cidades (id, nome, estado_id) VALUES (1255, 'Nova Olinda do Maranhão', 10);
INSERT INTO cidades (id, nome, estado_id) VALUES (1256, 'Olho d`Água das Cunhãs', 10);
INSERT INTO cidades (id, nome, estado_id) VALUES (1257, 'Olinda Nova do Maranhão', 10);
INSERT INTO cidades (id, nome, estado_id) VALUES (1258, 'Paço do Lumiar', 10);
INSERT INTO cidades (id, nome, estado_id) VALUES (1259, 'Palmeirândia', 10);
INSERT INTO cidades (id, nome, estado_id) VALUES (1260, 'Paraibano', 10);
INSERT INTO cidades (id, nome, estado_id) VALUES (1261, 'Parnarama', 10);
INSERT INTO cidades (id, nome, estado_id) VALUES (1262, 'Passagem Franca', 10);
INSERT INTO cidades (id, nome, estado_id) VALUES (1263, 'Pastos Bons', 10);
INSERT INTO cidades (id, nome, estado_id) VALUES (1264, 'Paulino Neves', 10);
INSERT INTO cidades (id, nome, estado_id) VALUES (1265, 'Paulo Ramos', 10);
INSERT INTO cidades (id, nome, estado_id) VALUES (1266, 'Pedreiras', 10);
INSERT INTO cidades (id, nome, estado_id) VALUES (1267, 'Pedro do Rosário', 10);
INSERT INTO cidades (id, nome, estado_id) VALUES (1268, 'Penalva', 10);
INSERT INTO cidades (id, nome, estado_id) VALUES (1269, 'Peri Mirim', 10);
INSERT INTO cidades (id, nome, estado_id) VALUES (1270, 'Peritoró', 10);
INSERT INTO cidades (id, nome, estado_id) VALUES (1271, 'Pindaré-Mirim', 10);
INSERT INTO cidades (id, nome, estado_id) VALUES (1272, 'Pinheiro', 10);
INSERT INTO cidades (id, nome, estado_id) VALUES (1273, 'Pio XII', 10);
INSERT INTO cidades (id, nome, estado_id) VALUES (1274, 'Pirapemas', 10);
INSERT INTO cidades (id, nome, estado_id) VALUES (1275, 'Poção de Pedras', 10);
INSERT INTO cidades (id, nome, estado_id) VALUES (1276, 'Porto Franco', 10);
INSERT INTO cidades (id, nome, estado_id) VALUES (1277, 'Porto Rico do Maranhão', 10);
INSERT INTO cidades (id, nome, estado_id) VALUES (1278, 'Presidente Dutra', 10);
INSERT INTO cidades (id, nome, estado_id) VALUES (1279, 'Presidente Juscelino', 10);
INSERT INTO cidades (id, nome, estado_id) VALUES (1280, 'Presidente Médici', 10);
INSERT INTO cidades (id, nome, estado_id) VALUES (1281, 'Presidente Sarney', 10);
INSERT INTO cidades (id, nome, estado_id) VALUES (1282, 'Presidente Vargas', 10);
INSERT INTO cidades (id, nome, estado_id) VALUES (1283, 'Primeira Cruz', 10);
INSERT INTO cidades (id, nome, estado_id) VALUES (1284, 'Raposa', 10);
INSERT INTO cidades (id, nome, estado_id) VALUES (1285, 'Riachão', 10);
INSERT INTO cidades (id, nome, estado_id) VALUES (1286, 'Ribamar Fiquene', 10);
INSERT INTO cidades (id, nome, estado_id) VALUES (1287, 'Rosário', 10);
INSERT INTO cidades (id, nome, estado_id) VALUES (1288, 'Sambaíba', 10);
INSERT INTO cidades (id, nome, estado_id) VALUES (1289, 'Santa Filomena do Maranhão', 10);
INSERT INTO cidades (id, nome, estado_id) VALUES (1290, 'Santa Helena', 10);
INSERT INTO cidades (id, nome, estado_id) VALUES (1291, 'Santa Inês', 10);
INSERT INTO cidades (id, nome, estado_id) VALUES (1292, 'Santa Luzia', 10);
INSERT INTO cidades (id, nome, estado_id) VALUES (1293, 'Santa Luzia do Paruá', 10);
INSERT INTO cidades (id, nome, estado_id) VALUES (1294, 'Santa Quitéria do Maranhão', 10);
INSERT INTO cidades (id, nome, estado_id) VALUES (1295, 'Santa Rita', 10);
INSERT INTO cidades (id, nome, estado_id) VALUES (1296, 'Santana do Maranhão', 10);
INSERT INTO cidades (id, nome, estado_id) VALUES (1297, 'Santo Amaro do Maranhão', 10);
INSERT INTO cidades (id, nome, estado_id) VALUES (1298, 'Santo Antônio dos Lopes', 10);
INSERT INTO cidades (id, nome, estado_id) VALUES (1299, 'São Benedito do Rio Preto', 10);
INSERT INTO cidades (id, nome, estado_id) VALUES (1300, 'São Bento', 10);
INSERT INTO cidades (id, nome, estado_id) VALUES (1301, 'São Bernardo', 10);
INSERT INTO cidades (id, nome, estado_id) VALUES (1302, 'São Domingos do Azeitão', 10);
INSERT INTO cidades (id, nome, estado_id) VALUES (1303, 'São Domingos do Maranhão', 10);
INSERT INTO cidades (id, nome, estado_id) VALUES (1304, 'São Félix de Balsas', 10);
INSERT INTO cidades (id, nome, estado_id) VALUES (1305, 'São Francisco do Brejão', 10);
INSERT INTO cidades (id, nome, estado_id) VALUES (1306, 'São Francisco do Maranhão', 10);
INSERT INTO cidades (id, nome, estado_id) VALUES (1307, 'São João Batista', 10);
INSERT INTO cidades (id, nome, estado_id) VALUES (1308, 'São João do Carú', 10);
INSERT INTO cidades (id, nome, estado_id) VALUES (1309, 'São João do Paraíso', 10);
INSERT INTO cidades (id, nome, estado_id) VALUES (1310, 'São João do Soter', 10);
INSERT INTO cidades (id, nome, estado_id) VALUES (1311, 'São João dos Patos', 10);
INSERT INTO cidades (id, nome, estado_id) VALUES (1312, 'São José de Ribamar', 10);
INSERT INTO cidades (id, nome, estado_id) VALUES (1313, 'São José dos Basílios', 10);
INSERT INTO cidades (id, nome, estado_id) VALUES (1314, 'São Luís', 10);
INSERT INTO cidades (id, nome, estado_id) VALUES (1315, 'São Luís Gonzaga do Maranhão', 10);
INSERT INTO cidades (id, nome, estado_id) VALUES (1316, 'São Mateus do Maranhão', 10);
INSERT INTO cidades (id, nome, estado_id) VALUES (1317, 'São Pedro da Água Branca', 10);
INSERT INTO cidades (id, nome, estado_id) VALUES (1318, 'São Pedro dos Crentes', 10);
INSERT INTO cidades (id, nome, estado_id) VALUES (1319, 'São Raimundo das Mangabeiras', 10);
INSERT INTO cidades (id, nome, estado_id) VALUES (1320, 'São Raimundo do Doca Bezerra', 10);
INSERT INTO cidades (id, nome, estado_id) VALUES (1321, 'São Roberto', 10);
INSERT INTO cidades (id, nome, estado_id) VALUES (1322, 'São Vicente Ferrer', 10);
INSERT INTO cidades (id, nome, estado_id) VALUES (1323, 'Satubinha', 10);
INSERT INTO cidades (id, nome, estado_id) VALUES (1324, 'Senador Alexandre Costa', 10);
INSERT INTO cidades (id, nome, estado_id) VALUES (1325, 'Senador La Rocque', 10);
INSERT INTO cidades (id, nome, estado_id) VALUES (1326, 'Serrano do Maranhão', 10);
INSERT INTO cidades (id, nome, estado_id) VALUES (1327, 'Sítio Novo', 10);
INSERT INTO cidades (id, nome, estado_id) VALUES (1328, 'Sucupira do Norte', 10);
INSERT INTO cidades (id, nome, estado_id) VALUES (1329, 'Sucupira do Riachão', 10);
INSERT INTO cidades (id, nome, estado_id) VALUES (1330, 'Tasso Fragoso', 10);
INSERT INTO cidades (id, nome, estado_id) VALUES (1331, 'Timbiras', 10);
INSERT INTO cidades (id, nome, estado_id) VALUES (1332, 'Timon', 10);
INSERT INTO cidades (id, nome, estado_id) VALUES (1333, 'Trizidela do Vale', 10);
INSERT INTO cidades (id, nome, estado_id) VALUES (1334, 'Tufilândia', 10);
INSERT INTO cidades (id, nome, estado_id) VALUES (1335, 'Tuntum', 10);
INSERT INTO cidades (id, nome, estado_id) VALUES (1336, 'Turiaçu', 10);
INSERT INTO cidades (id, nome, estado_id) VALUES (1337, 'Turilândia', 10);
INSERT INTO cidades (id, nome, estado_id) VALUES (1338, 'Tutóia', 10);
INSERT INTO cidades (id, nome, estado_id) VALUES (1339, 'Urbano Santos', 10);
INSERT INTO cidades (id, nome, estado_id) VALUES (1340, 'Vargem Grande', 10);
INSERT INTO cidades (id, nome, estado_id) VALUES (1341, 'Viana', 10);
INSERT INTO cidades (id, nome, estado_id) VALUES (1342, 'Vila Nova dos Martírios', 10);
INSERT INTO cidades (id, nome, estado_id) VALUES (1343, 'Vitória do Mearim', 10);
INSERT INTO cidades (id, nome, estado_id) VALUES (1344, 'Vitorino Freire', 10);
INSERT INTO cidades (id, nome, estado_id) VALUES (1345, 'Zé Doca', 10);
INSERT INTO cidades (id, nome, estado_id) VALUES (1346, 'Acorizal', 13);
INSERT INTO cidades (id, nome, estado_id) VALUES (1347, 'Água Boa', 13);
INSERT INTO cidades (id, nome, estado_id) VALUES (1348, 'Alta Floresta', 13);
INSERT INTO cidades (id, nome, estado_id) VALUES (1349, 'Alto Araguaia', 13);
INSERT INTO cidades (id, nome, estado_id) VALUES (1350, 'Alto Boa Vista', 13);
INSERT INTO cidades (id, nome, estado_id) VALUES (1351, 'Alto Garças', 13);
INSERT INTO cidades (id, nome, estado_id) VALUES (1352, 'Alto Paraguai', 13);
INSERT INTO cidades (id, nome, estado_id) VALUES (1353, 'Alto Taquari', 13);
INSERT INTO cidades (id, nome, estado_id) VALUES (1354, 'Apiacás', 13);
INSERT INTO cidades (id, nome, estado_id) VALUES (1355, 'Araguaiana', 13);
INSERT INTO cidades (id, nome, estado_id) VALUES (1356, 'Araguainha', 13);
INSERT INTO cidades (id, nome, estado_id) VALUES (1357, 'Araputanga', 13);
INSERT INTO cidades (id, nome, estado_id) VALUES (1358, 'Arenápolis', 13);
INSERT INTO cidades (id, nome, estado_id) VALUES (1359, 'Aripuanã', 13);
INSERT INTO cidades (id, nome, estado_id) VALUES (1360, 'Barão de Melgaço', 13);
INSERT INTO cidades (id, nome, estado_id) VALUES (1361, 'Barra do Bugres', 13);
INSERT INTO cidades (id, nome, estado_id) VALUES (1362, 'Barra do Garças', 13);
INSERT INTO cidades (id, nome, estado_id) VALUES (1363, 'Bom Jesus do Araguaia', 13);
INSERT INTO cidades (id, nome, estado_id) VALUES (1364, 'Brasnorte', 13);
INSERT INTO cidades (id, nome, estado_id) VALUES (1365, 'Cáceres', 13);
INSERT INTO cidades (id, nome, estado_id) VALUES (1366, 'Campinápolis', 13);
INSERT INTO cidades (id, nome, estado_id) VALUES (1367, 'Campo Novo do Parecis', 13);
INSERT INTO cidades (id, nome, estado_id) VALUES (1368, 'Campo Verde', 13);
INSERT INTO cidades (id, nome, estado_id) VALUES (1369, 'Campos de Júlio', 13);
INSERT INTO cidades (id, nome, estado_id) VALUES (1370, 'Canabrava do Norte', 13);
INSERT INTO cidades (id, nome, estado_id) VALUES (1371, 'Canarana', 13);
INSERT INTO cidades (id, nome, estado_id) VALUES (1372, 'Carlinda', 13);
INSERT INTO cidades (id, nome, estado_id) VALUES (1373, 'Castanheira', 13);
INSERT INTO cidades (id, nome, estado_id) VALUES (1374, 'Chapada dos Guimarães', 13);
INSERT INTO cidades (id, nome, estado_id) VALUES (1375, 'Cláudia', 13);
INSERT INTO cidades (id, nome, estado_id) VALUES (1376, 'Cocalinho', 13);
INSERT INTO cidades (id, nome, estado_id) VALUES (1377, 'Colíder', 13);
INSERT INTO cidades (id, nome, estado_id) VALUES (1378, 'Colniza', 13);
INSERT INTO cidades (id, nome, estado_id) VALUES (1379, 'Comodoro', 13);
INSERT INTO cidades (id, nome, estado_id) VALUES (1380, 'Confresa', 13);
INSERT INTO cidades (id, nome, estado_id) VALUES (1381, 'Conquista d`Oeste', 13);
INSERT INTO cidades (id, nome, estado_id) VALUES (1382, 'Cotriguaçu', 13);
INSERT INTO cidades (id, nome, estado_id) VALUES (1383, 'Cuiabá', 13);
INSERT INTO cidades (id, nome, estado_id) VALUES (1384, 'Curvelândia', 13);
INSERT INTO cidades (id, nome, estado_id) VALUES (1385, 'Curvelândia', 13);
INSERT INTO cidades (id, nome, estado_id) VALUES (1386, 'Denise', 13);
INSERT INTO cidades (id, nome, estado_id) VALUES (1387, 'Diamantino', 13);
INSERT INTO cidades (id, nome, estado_id) VALUES (1388, 'Dom Aquino', 13);
INSERT INTO cidades (id, nome, estado_id) VALUES (1389, 'Feliz Natal', 13);
INSERT INTO cidades (id, nome, estado_id) VALUES (1390, 'Figueirópolis d`Oeste', 13);
INSERT INTO cidades (id, nome, estado_id) VALUES (1391, 'Gaúcha do Norte', 13);
INSERT INTO cidades (id, nome, estado_id) VALUES (1392, 'General Carneiro', 13);
INSERT INTO cidades (id, nome, estado_id) VALUES (1393, 'Glória d`Oeste', 13);
INSERT INTO cidades (id, nome, estado_id) VALUES (1394, 'Guarantã do Norte', 13);
INSERT INTO cidades (id, nome, estado_id) VALUES (1395, 'Guiratinga', 13);
INSERT INTO cidades (id, nome, estado_id) VALUES (1396, 'Indiavaí', 13);
INSERT INTO cidades (id, nome, estado_id) VALUES (1397, 'Ipiranga do Norte', 13);
INSERT INTO cidades (id, nome, estado_id) VALUES (1398, 'Itanhangá', 13);
INSERT INTO cidades (id, nome, estado_id) VALUES (1399, 'Itaúba', 13);
INSERT INTO cidades (id, nome, estado_id) VALUES (1400, 'Itiquira', 13);
INSERT INTO cidades (id, nome, estado_id) VALUES (1401, 'Jaciara', 13);
INSERT INTO cidades (id, nome, estado_id) VALUES (1402, 'Jangada', 13);
INSERT INTO cidades (id, nome, estado_id) VALUES (1403, 'Jauru', 13);
INSERT INTO cidades (id, nome, estado_id) VALUES (1404, 'Juara', 13);
INSERT INTO cidades (id, nome, estado_id) VALUES (1405, 'Juína', 13);
INSERT INTO cidades (id, nome, estado_id) VALUES (1406, 'Juruena', 13);
INSERT INTO cidades (id, nome, estado_id) VALUES (1407, 'Juscimeira', 13);
INSERT INTO cidades (id, nome, estado_id) VALUES (1408, 'Lambari d`Oeste', 13);
INSERT INTO cidades (id, nome, estado_id) VALUES (1409, 'Lucas do Rio Verde', 13);
INSERT INTO cidades (id, nome, estado_id) VALUES (1410, 'Luciára', 13);
INSERT INTO cidades (id, nome, estado_id) VALUES (1411, 'Marcelândia', 13);
INSERT INTO cidades (id, nome, estado_id) VALUES (1412, 'Matupá', 13);
INSERT INTO cidades (id, nome, estado_id) VALUES (1413, 'Mirassol d`Oeste', 13);
INSERT INTO cidades (id, nome, estado_id) VALUES (1414, 'Nobres', 13);
INSERT INTO cidades (id, nome, estado_id) VALUES (1415, 'Nortelândia', 13);
INSERT INTO cidades (id, nome, estado_id) VALUES (1416, 'Nossa Senhora do Livramento', 13);
INSERT INTO cidades (id, nome, estado_id) VALUES (1417, 'Nova Bandeirantes', 13);
INSERT INTO cidades (id, nome, estado_id) VALUES (1418, 'Nova Brasilândia', 13);
INSERT INTO cidades (id, nome, estado_id) VALUES (1419, 'Nova Canaã do Norte', 13);
INSERT INTO cidades (id, nome, estado_id) VALUES (1420, 'Nova Guarita', 13);
INSERT INTO cidades (id, nome, estado_id) VALUES (1421, 'Nova Lacerda', 13);
INSERT INTO cidades (id, nome, estado_id) VALUES (1422, 'Nova Marilândia', 13);
INSERT INTO cidades (id, nome, estado_id) VALUES (1423, 'Nova Maringá', 13);
INSERT INTO cidades (id, nome, estado_id) VALUES (1424, 'Nova Monte verde', 13);
INSERT INTO cidades (id, nome, estado_id) VALUES (1425, 'Nova Mutum', 13);
INSERT INTO cidades (id, nome, estado_id) VALUES (1426, 'Nova Olímpia', 13);
INSERT INTO cidades (id, nome, estado_id) VALUES (1427, 'Nova Santa Helena', 13);
INSERT INTO cidades (id, nome, estado_id) VALUES (1428, 'Nova Ubiratã', 13);
INSERT INTO cidades (id, nome, estado_id) VALUES (1429, 'Nova Xavantina', 13);
INSERT INTO cidades (id, nome, estado_id) VALUES (1430, 'Novo Horizonte do Norte', 13);
INSERT INTO cidades (id, nome, estado_id) VALUES (1431, 'Novo Mundo', 13);
INSERT INTO cidades (id, nome, estado_id) VALUES (1432, 'Novo Santo Antônio', 13);
INSERT INTO cidades (id, nome, estado_id) VALUES (1433, 'Novo São Joaquim', 13);
INSERT INTO cidades (id, nome, estado_id) VALUES (1434, 'Paranaíta', 13);
INSERT INTO cidades (id, nome, estado_id) VALUES (1435, 'Paranatinga', 13);
INSERT INTO cidades (id, nome, estado_id) VALUES (1436, 'Pedra Preta', 13);
INSERT INTO cidades (id, nome, estado_id) VALUES (1437, 'Peixoto de Azevedo', 13);
INSERT INTO cidades (id, nome, estado_id) VALUES (1438, 'Planalto da Serra', 13);
INSERT INTO cidades (id, nome, estado_id) VALUES (1439, 'Poconé', 13);
INSERT INTO cidades (id, nome, estado_id) VALUES (1440, 'Pontal do Araguaia', 13);
INSERT INTO cidades (id, nome, estado_id) VALUES (1441, 'Ponte Branca', 13);
INSERT INTO cidades (id, nome, estado_id) VALUES (1442, 'Pontes e Lacerda', 13);
INSERT INTO cidades (id, nome, estado_id) VALUES (1443, 'Porto Alegre do Norte', 13);
INSERT INTO cidades (id, nome, estado_id) VALUES (1444, 'Porto dos Gaúchos', 13);
INSERT INTO cidades (id, nome, estado_id) VALUES (1445, 'Porto Esperidião', 13);
INSERT INTO cidades (id, nome, estado_id) VALUES (1446, 'Porto Estrela', 13);
INSERT INTO cidades (id, nome, estado_id) VALUES (1447, 'Poxoréo', 13);
INSERT INTO cidades (id, nome, estado_id) VALUES (1448, 'Primavera do Leste', 13);
INSERT INTO cidades (id, nome, estado_id) VALUES (1449, 'Querência', 13);
INSERT INTO cidades (id, nome, estado_id) VALUES (1450, 'Reserva do Cabaçal', 13);
INSERT INTO cidades (id, nome, estado_id) VALUES (1451, 'Ribeirão Cascalheira', 13);
INSERT INTO cidades (id, nome, estado_id) VALUES (1452, 'Ribeirãozinho', 13);
INSERT INTO cidades (id, nome, estado_id) VALUES (1453, 'Rio Branco', 13);
INSERT INTO cidades (id, nome, estado_id) VALUES (1454, 'Rondolândia', 13);
INSERT INTO cidades (id, nome, estado_id) VALUES (1455, 'Rondonópolis', 13);
INSERT INTO cidades (id, nome, estado_id) VALUES (1456, 'Rosário Oeste', 13);
INSERT INTO cidades (id, nome, estado_id) VALUES (1457, 'Salto do Céu', 13);
INSERT INTO cidades (id, nome, estado_id) VALUES (1458, 'Santa Carmem', 13);
INSERT INTO cidades (id, nome, estado_id) VALUES (1459, 'Santa Cruz do Xingu', 13);
INSERT INTO cidades (id, nome, estado_id) VALUES (1460, 'Santa Rita do Trivelato', 13);
INSERT INTO cidades (id, nome, estado_id) VALUES (1461, 'Santa Terezinha', 13);
INSERT INTO cidades (id, nome, estado_id) VALUES (1462, 'Santo Afonso', 13);
INSERT INTO cidades (id, nome, estado_id) VALUES (1463, 'Santo Antônio do Leste', 13);
INSERT INTO cidades (id, nome, estado_id) VALUES (1464, 'Santo Antônio do Leverger', 13);
INSERT INTO cidades (id, nome, estado_id) VALUES (1465, 'São Félix do Araguaia', 13);
INSERT INTO cidades (id, nome, estado_id) VALUES (1466, 'São José do Povo', 13);
INSERT INTO cidades (id, nome, estado_id) VALUES (1467, 'São José do Rio Claro', 13);
INSERT INTO cidades (id, nome, estado_id) VALUES (1468, 'São José do Xingu', 13);
INSERT INTO cidades (id, nome, estado_id) VALUES (1469, 'São José dos Quatro Marcos', 13);
INSERT INTO cidades (id, nome, estado_id) VALUES (1470, 'São Pedro da Cipa', 13);
INSERT INTO cidades (id, nome, estado_id) VALUES (1471, 'Sapezal', 13);
INSERT INTO cidades (id, nome, estado_id) VALUES (1472, 'Serra Nova Dourada', 13);
INSERT INTO cidades (id, nome, estado_id) VALUES (1473, 'Sinop', 13);
INSERT INTO cidades (id, nome, estado_id) VALUES (1474, 'Sorriso', 13);
INSERT INTO cidades (id, nome, estado_id) VALUES (1475, 'Tabaporã', 13);
INSERT INTO cidades (id, nome, estado_id) VALUES (1476, 'Tangará da Serra', 13);
INSERT INTO cidades (id, nome, estado_id) VALUES (1477, 'Tapurah', 13);
INSERT INTO cidades (id, nome, estado_id) VALUES (1478, 'Terra Nova do Norte', 13);
INSERT INTO cidades (id, nome, estado_id) VALUES (1479, 'Tesouro', 13);
INSERT INTO cidades (id, nome, estado_id) VALUES (1480, 'Torixoréu', 13);
INSERT INTO cidades (id, nome, estado_id) VALUES (1481, 'União do Sul', 13);
INSERT INTO cidades (id, nome, estado_id) VALUES (1482, 'Vale de São Domingos', 13);
INSERT INTO cidades (id, nome, estado_id) VALUES (1483, 'Várzea Grande', 13);
INSERT INTO cidades (id, nome, estado_id) VALUES (1484, 'Vera', 13);
INSERT INTO cidades (id, nome, estado_id) VALUES (1485, 'Vila Bela da Santíssima Trindade', 13);
INSERT INTO cidades (id, nome, estado_id) VALUES (1486, 'Vila Rica', 13);
INSERT INTO cidades (id, nome, estado_id) VALUES (1487, 'Água Clara', 12);
INSERT INTO cidades (id, nome, estado_id) VALUES (1488, 'Alcinópolis', 12);
INSERT INTO cidades (id, nome, estado_id) VALUES (1489, 'Amambaí', 12);
INSERT INTO cidades (id, nome, estado_id) VALUES (1490, 'Anastácio', 12);
INSERT INTO cidades (id, nome, estado_id) VALUES (1491, 'Anaurilândia', 12);
INSERT INTO cidades (id, nome, estado_id) VALUES (1492, 'Angélica', 12);
INSERT INTO cidades (id, nome, estado_id) VALUES (1493, 'Antônio João', 12);
INSERT INTO cidades (id, nome, estado_id) VALUES (1494, 'Aparecida do Taboado', 12);
INSERT INTO cidades (id, nome, estado_id) VALUES (1495, 'Aquidauana', 12);
INSERT INTO cidades (id, nome, estado_id) VALUES (1496, 'Aral Moreira', 12);
INSERT INTO cidades (id, nome, estado_id) VALUES (1497, 'Bandeirantes', 12);
INSERT INTO cidades (id, nome, estado_id) VALUES (1498, 'Bataguassu', 12);
INSERT INTO cidades (id, nome, estado_id) VALUES (1499, 'Bataiporã', 12);
INSERT INTO cidades (id, nome, estado_id) VALUES (1500, 'Bela Vista', 12);
INSERT INTO cidades (id, nome, estado_id) VALUES (1501, 'Bodoquena', 12);
INSERT INTO cidades (id, nome, estado_id) VALUES (1502, 'Bonito', 12);
INSERT INTO cidades (id, nome, estado_id) VALUES (1503, 'Brasilândia', 12);
INSERT INTO cidades (id, nome, estado_id) VALUES (1504, 'Caarapó', 12);
INSERT INTO cidades (id, nome, estado_id) VALUES (1505, 'Camapuã', 12);
INSERT INTO cidades (id, nome, estado_id) VALUES (1506, 'Campo Grande', 12);
INSERT INTO cidades (id, nome, estado_id) VALUES (1507, 'Caracol', 12);
INSERT INTO cidades (id, nome, estado_id) VALUES (1508, 'Cassilândia', 12);
INSERT INTO cidades (id, nome, estado_id) VALUES (1509, 'Chapadão do Sul', 12);
INSERT INTO cidades (id, nome, estado_id) VALUES (1510, 'Corguinho', 12);
INSERT INTO cidades (id, nome, estado_id) VALUES (1511, 'Coronel Sapucaia', 12);
INSERT INTO cidades (id, nome, estado_id) VALUES (1512, 'Corumbá', 12);
INSERT INTO cidades (id, nome, estado_id) VALUES (1513, 'Costa Rica', 12);
INSERT INTO cidades (id, nome, estado_id) VALUES (1514, 'Coxim', 12);
INSERT INTO cidades (id, nome, estado_id) VALUES (1515, 'Deodápolis', 12);
INSERT INTO cidades (id, nome, estado_id) VALUES (1516, 'Dois Irmãos do Buriti', 12);
INSERT INTO cidades (id, nome, estado_id) VALUES (1517, 'Douradina', 12);
INSERT INTO cidades (id, nome, estado_id) VALUES (1518, 'Dourados', 12);
INSERT INTO cidades (id, nome, estado_id) VALUES (1519, 'Eldorado', 12);
INSERT INTO cidades (id, nome, estado_id) VALUES (1520, 'Fátima do Sul', 12);
INSERT INTO cidades (id, nome, estado_id) VALUES (1521, 'Figueirão', 12);
INSERT INTO cidades (id, nome, estado_id) VALUES (1522, 'Glória de Dourados', 12);
INSERT INTO cidades (id, nome, estado_id) VALUES (1523, 'Guia Lopes da Laguna', 12);
INSERT INTO cidades (id, nome, estado_id) VALUES (1524, 'Iguatemi', 12);
INSERT INTO cidades (id, nome, estado_id) VALUES (1525, 'Inocência', 12);
INSERT INTO cidades (id, nome, estado_id) VALUES (1526, 'Itaporã', 12);
INSERT INTO cidades (id, nome, estado_id) VALUES (1527, 'Itaquiraí', 12);
INSERT INTO cidades (id, nome, estado_id) VALUES (1528, 'Ivinhema', 12);
INSERT INTO cidades (id, nome, estado_id) VALUES (1529, 'Japorã', 12);
INSERT INTO cidades (id, nome, estado_id) VALUES (1530, 'Jaraguari', 12);
INSERT INTO cidades (id, nome, estado_id) VALUES (1531, 'Jardim', 12);
INSERT INTO cidades (id, nome, estado_id) VALUES (1532, 'Jateí', 12);
INSERT INTO cidades (id, nome, estado_id) VALUES (1533, 'Juti', 12);
INSERT INTO cidades (id, nome, estado_id) VALUES (1534, 'Ladário', 12);
INSERT INTO cidades (id, nome, estado_id) VALUES (1535, 'Laguna Carapã', 12);
INSERT INTO cidades (id, nome, estado_id) VALUES (1536, 'Maracaju', 12);
INSERT INTO cidades (id, nome, estado_id) VALUES (1537, 'Miranda', 12);
INSERT INTO cidades (id, nome, estado_id) VALUES (1538, 'Mundo Novo', 12);
INSERT INTO cidades (id, nome, estado_id) VALUES (1539, 'Naviraí', 12);
INSERT INTO cidades (id, nome, estado_id) VALUES (1540, 'Nioaque', 12);
INSERT INTO cidades (id, nome, estado_id) VALUES (1541, 'Nova Alvorada do Sul', 12);
INSERT INTO cidades (id, nome, estado_id) VALUES (1542, 'Nova Andradina', 12);
INSERT INTO cidades (id, nome, estado_id) VALUES (1543, 'Novo Horizonte do Sul', 12);
INSERT INTO cidades (id, nome, estado_id) VALUES (1544, 'Paranaíba', 12);
INSERT INTO cidades (id, nome, estado_id) VALUES (1545, 'Paranhos', 12);
INSERT INTO cidades (id, nome, estado_id) VALUES (1546, 'Pedro Gomes', 12);
INSERT INTO cidades (id, nome, estado_id) VALUES (1547, 'Ponta Porã', 12);
INSERT INTO cidades (id, nome, estado_id) VALUES (1548, 'Porto Murtinho', 12);
INSERT INTO cidades (id, nome, estado_id) VALUES (1549, 'Ribas do Rio Pardo', 12);
INSERT INTO cidades (id, nome, estado_id) VALUES (1550, 'Rio Brilhante', 12);
INSERT INTO cidades (id, nome, estado_id) VALUES (1551, 'Rio Negro', 12);
INSERT INTO cidades (id, nome, estado_id) VALUES (1552, 'Rio Verde de Mato Grosso', 12);
INSERT INTO cidades (id, nome, estado_id) VALUES (1553, 'Rochedo', 12);
INSERT INTO cidades (id, nome, estado_id) VALUES (1554, 'Santa Rita do Pardo', 12);
INSERT INTO cidades (id, nome, estado_id) VALUES (1555, 'São Gabriel do Oeste', 12);
INSERT INTO cidades (id, nome, estado_id) VALUES (1556, 'Selvíria', 12);
INSERT INTO cidades (id, nome, estado_id) VALUES (1557, 'Sete Quedas', 12);
INSERT INTO cidades (id, nome, estado_id) VALUES (1558, 'Sidrolândia', 12);
INSERT INTO cidades (id, nome, estado_id) VALUES (1559, 'Sonora', 12);
INSERT INTO cidades (id, nome, estado_id) VALUES (1560, 'Tacuru', 12);
INSERT INTO cidades (id, nome, estado_id) VALUES (1561, 'Taquarussu', 12);
INSERT INTO cidades (id, nome, estado_id) VALUES (1562, 'Terenos', 12);
INSERT INTO cidades (id, nome, estado_id) VALUES (1563, 'Três Lagoas', 12);
INSERT INTO cidades (id, nome, estado_id) VALUES (1564, 'Vicentina', 12);
INSERT INTO cidades (id, nome, estado_id) VALUES (1565, 'Abadia dos Dourados', 11);
INSERT INTO cidades (id, nome, estado_id) VALUES (1566, 'Abaeté', 11);
INSERT INTO cidades (id, nome, estado_id) VALUES (1567, 'Abre Campo', 11);
INSERT INTO cidades (id, nome, estado_id) VALUES (1568, 'Acaiaca', 11);
INSERT INTO cidades (id, nome, estado_id) VALUES (1569, 'Açucena', 11);
INSERT INTO cidades (id, nome, estado_id) VALUES (1570, 'Água Boa', 11);
INSERT INTO cidades (id, nome, estado_id) VALUES (1571, 'Água Comprida', 11);
INSERT INTO cidades (id, nome, estado_id) VALUES (1572, 'Aguanil', 11);
INSERT INTO cidades (id, nome, estado_id) VALUES (1573, 'Águas Formosas', 11);
INSERT INTO cidades (id, nome, estado_id) VALUES (1574, 'Águas Vermelhas', 11);
INSERT INTO cidades (id, nome, estado_id) VALUES (1575, 'Aimorés', 11);
INSERT INTO cidades (id, nome, estado_id) VALUES (1576, 'Aiuruoca', 11);
INSERT INTO cidades (id, nome, estado_id) VALUES (1577, 'Alagoa', 11);
INSERT INTO cidades (id, nome, estado_id) VALUES (1578, 'Albertina', 11);
INSERT INTO cidades (id, nome, estado_id) VALUES (1579, 'Além Paraíba', 11);
INSERT INTO cidades (id, nome, estado_id) VALUES (1580, 'Alfenas', 11);
INSERT INTO cidades (id, nome, estado_id) VALUES (1581, 'Alfredo Vasconcelos', 11);
INSERT INTO cidades (id, nome, estado_id) VALUES (1582, 'Almenara', 11);
INSERT INTO cidades (id, nome, estado_id) VALUES (1583, 'Alpercata', 11);
INSERT INTO cidades (id, nome, estado_id) VALUES (1584, 'Alpinópolis', 11);
INSERT INTO cidades (id, nome, estado_id) VALUES (1585, 'Alterosa', 11);
INSERT INTO cidades (id, nome, estado_id) VALUES (1586, 'Alto Caparaó', 11);
INSERT INTO cidades (id, nome, estado_id) VALUES (1587, 'Alto Jequitibá', 11);
INSERT INTO cidades (id, nome, estado_id) VALUES (1588, 'Alto Rio Doce', 11);
INSERT INTO cidades (id, nome, estado_id) VALUES (1589, 'Alvarenga', 11);
INSERT INTO cidades (id, nome, estado_id) VALUES (1590, 'Alvinópolis', 11);
INSERT INTO cidades (id, nome, estado_id) VALUES (1591, 'Alvorada de Minas', 11);
INSERT INTO cidades (id, nome, estado_id) VALUES (1592, 'Amparo do Serra', 11);
INSERT INTO cidades (id, nome, estado_id) VALUES (1593, 'Andradas', 11);
INSERT INTO cidades (id, nome, estado_id) VALUES (1594, 'Andrelândia', 11);
INSERT INTO cidades (id, nome, estado_id) VALUES (1595, 'Angelândia', 11);
INSERT INTO cidades (id, nome, estado_id) VALUES (1596, 'Antônio Carlos', 11);
INSERT INTO cidades (id, nome, estado_id) VALUES (1597, 'Antônio Dias', 11);
INSERT INTO cidades (id, nome, estado_id) VALUES (1598, 'Antônio Prado de Minas', 11);
INSERT INTO cidades (id, nome, estado_id) VALUES (1599, 'Araçaí', 11);
INSERT INTO cidades (id, nome, estado_id) VALUES (1600, 'Aracitaba', 11);
INSERT INTO cidades (id, nome, estado_id) VALUES (1601, 'Araçuaí', 11);
INSERT INTO cidades (id, nome, estado_id) VALUES (1602, 'Araguari', 11);
INSERT INTO cidades (id, nome, estado_id) VALUES (1603, 'Arantina', 11);
INSERT INTO cidades (id, nome, estado_id) VALUES (1604, 'Araponga', 11);
INSERT INTO cidades (id, nome, estado_id) VALUES (1605, 'Araporã', 11);
INSERT INTO cidades (id, nome, estado_id) VALUES (1606, 'Arapuá', 11);
INSERT INTO cidades (id, nome, estado_id) VALUES (1607, 'Araújos', 11);
INSERT INTO cidades (id, nome, estado_id) VALUES (1608, 'Araxá', 11);
INSERT INTO cidades (id, nome, estado_id) VALUES (1609, 'Arceburgo', 11);
INSERT INTO cidades (id, nome, estado_id) VALUES (1610, 'Arcos', 11);
INSERT INTO cidades (id, nome, estado_id) VALUES (1611, 'Areado', 11);
INSERT INTO cidades (id, nome, estado_id) VALUES (1612, 'Argirita', 11);
INSERT INTO cidades (id, nome, estado_id) VALUES (1613, 'Aricanduva', 11);
INSERT INTO cidades (id, nome, estado_id) VALUES (1614, 'Arinos', 11);
INSERT INTO cidades (id, nome, estado_id) VALUES (1615, 'Astolfo Dutra', 11);
INSERT INTO cidades (id, nome, estado_id) VALUES (1616, 'Ataléia', 11);
INSERT INTO cidades (id, nome, estado_id) VALUES (1617, 'Augusto de Lima', 11);
INSERT INTO cidades (id, nome, estado_id) VALUES (1618, 'Baependi', 11);
INSERT INTO cidades (id, nome, estado_id) VALUES (1619, 'Baldim', 11);
INSERT INTO cidades (id, nome, estado_id) VALUES (1620, 'Bambuí', 11);
INSERT INTO cidades (id, nome, estado_id) VALUES (1621, 'Bandeira', 11);
INSERT INTO cidades (id, nome, estado_id) VALUES (1622, 'Bandeira do Sul', 11);
INSERT INTO cidades (id, nome, estado_id) VALUES (1623, 'Barão de Cocais', 11);
INSERT INTO cidades (id, nome, estado_id) VALUES (1624, 'Barão de Monte Alto', 11);
INSERT INTO cidades (id, nome, estado_id) VALUES (1625, 'Barbacena', 11);
INSERT INTO cidades (id, nome, estado_id) VALUES (1626, 'Barra Longa', 11);
INSERT INTO cidades (id, nome, estado_id) VALUES (1627, 'Barroso', 11);
INSERT INTO cidades (id, nome, estado_id) VALUES (1628, 'Bela Vista de Minas', 11);
INSERT INTO cidades (id, nome, estado_id) VALUES (1629, 'Belmiro Braga', 11);
INSERT INTO cidades (id, nome, estado_id) VALUES (1630, 'Belo Horizonte', 11);
INSERT INTO cidades (id, nome, estado_id) VALUES (1631, 'Belo Oriente', 11);
INSERT INTO cidades (id, nome, estado_id) VALUES (1632, 'Belo Vale', 11);
INSERT INTO cidades (id, nome, estado_id) VALUES (1633, 'Berilo', 11);
INSERT INTO cidades (id, nome, estado_id) VALUES (1634, 'Berizal', 11);
INSERT INTO cidades (id, nome, estado_id) VALUES (1635, 'Bertópolis', 11);
INSERT INTO cidades (id, nome, estado_id) VALUES (1636, 'Betim', 11);
INSERT INTO cidades (id, nome, estado_id) VALUES (1637, 'Bias Fortes', 11);
INSERT INTO cidades (id, nome, estado_id) VALUES (1638, 'Bicas', 11);
INSERT INTO cidades (id, nome, estado_id) VALUES (1639, 'Biquinhas', 11);
INSERT INTO cidades (id, nome, estado_id) VALUES (1640, 'Boa Esperança', 11);
INSERT INTO cidades (id, nome, estado_id) VALUES (1641, 'Bocaina de Minas', 11);
INSERT INTO cidades (id, nome, estado_id) VALUES (1642, 'Bocaiúva', 11);
INSERT INTO cidades (id, nome, estado_id) VALUES (1643, 'Bom Despacho', 11);
INSERT INTO cidades (id, nome, estado_id) VALUES (1644, 'Bom Jardim de Minas', 11);
INSERT INTO cidades (id, nome, estado_id) VALUES (1645, 'Bom Jesus da Penha', 11);
INSERT INTO cidades (id, nome, estado_id) VALUES (1646, 'Bom Jesus do Amparo', 11);
INSERT INTO cidades (id, nome, estado_id) VALUES (1647, 'Bom Jesus do Galho', 11);
INSERT INTO cidades (id, nome, estado_id) VALUES (1648, 'Bom Repouso', 11);
INSERT INTO cidades (id, nome, estado_id) VALUES (1649, 'Bom Sucesso', 11);
INSERT INTO cidades (id, nome, estado_id) VALUES (1650, 'Bonfim', 11);
INSERT INTO cidades (id, nome, estado_id) VALUES (1651, 'Bonfinópolis de Minas', 11);
INSERT INTO cidades (id, nome, estado_id) VALUES (1652, 'Bonito de Minas', 11);
INSERT INTO cidades (id, nome, estado_id) VALUES (1653, 'Borda da Mata', 11);
INSERT INTO cidades (id, nome, estado_id) VALUES (1654, 'Botelhos', 11);
INSERT INTO cidades (id, nome, estado_id) VALUES (1655, 'Botumirim', 11);
INSERT INTO cidades (id, nome, estado_id) VALUES (1656, 'Brás Pires', 11);
INSERT INTO cidades (id, nome, estado_id) VALUES (1657, 'Brasilândia de Minas', 11);
INSERT INTO cidades (id, nome, estado_id) VALUES (1658, 'Brasília de Minas', 11);
INSERT INTO cidades (id, nome, estado_id) VALUES (1659, 'Brasópolis', 11);
INSERT INTO cidades (id, nome, estado_id) VALUES (1660, 'Braúnas', 11);
INSERT INTO cidades (id, nome, estado_id) VALUES (1661, 'Brumadinho', 11);
INSERT INTO cidades (id, nome, estado_id) VALUES (1662, 'Bueno Brandão', 11);
INSERT INTO cidades (id, nome, estado_id) VALUES (1663, 'Buenópolis', 11);
INSERT INTO cidades (id, nome, estado_id) VALUES (1664, 'Bugre', 11);
INSERT INTO cidades (id, nome, estado_id) VALUES (1665, 'Buritis', 11);
INSERT INTO cidades (id, nome, estado_id) VALUES (1666, 'Buritizeiro', 11);
INSERT INTO cidades (id, nome, estado_id) VALUES (1667, 'Cabeceira Grande', 11);
INSERT INTO cidades (id, nome, estado_id) VALUES (1668, 'Cabo Verde', 11);
INSERT INTO cidades (id, nome, estado_id) VALUES (1669, 'Cachoeira da Prata', 11);
INSERT INTO cidades (id, nome, estado_id) VALUES (1670, 'Cachoeira de Minas', 11);
INSERT INTO cidades (id, nome, estado_id) VALUES (1671, 'Cachoeira de Pajeú', 11);
INSERT INTO cidades (id, nome, estado_id) VALUES (1672, 'Cachoeira Dourada', 11);
INSERT INTO cidades (id, nome, estado_id) VALUES (1673, 'Caetanópolis', 11);
INSERT INTO cidades (id, nome, estado_id) VALUES (1674, 'Caeté', 11);
INSERT INTO cidades (id, nome, estado_id) VALUES (1675, 'Caiana', 11);
INSERT INTO cidades (id, nome, estado_id) VALUES (1676, 'Cajuri', 11);
INSERT INTO cidades (id, nome, estado_id) VALUES (1677, 'Caldas', 11);
INSERT INTO cidades (id, nome, estado_id) VALUES (1678, 'Camacho', 11);
INSERT INTO cidades (id, nome, estado_id) VALUES (1679, 'Camanducaia', 11);
INSERT INTO cidades (id, nome, estado_id) VALUES (1680, 'Cambuí', 11);
INSERT INTO cidades (id, nome, estado_id) VALUES (1681, 'Cambuquira', 11);
INSERT INTO cidades (id, nome, estado_id) VALUES (1682, 'Campanário', 11);
INSERT INTO cidades (id, nome, estado_id) VALUES (1683, 'Campanha', 11);
INSERT INTO cidades (id, nome, estado_id) VALUES (1684, 'Campestre', 11);
INSERT INTO cidades (id, nome, estado_id) VALUES (1685, 'Campina Verde', 11);
INSERT INTO cidades (id, nome, estado_id) VALUES (1686, 'Campo Azul', 11);
INSERT INTO cidades (id, nome, estado_id) VALUES (1687, 'Campo Belo', 11);
INSERT INTO cidades (id, nome, estado_id) VALUES (1688, 'Campo do Meio', 11);
INSERT INTO cidades (id, nome, estado_id) VALUES (1689, 'Campo Florido', 11);
INSERT INTO cidades (id, nome, estado_id) VALUES (1690, 'Campos Altos', 11);
INSERT INTO cidades (id, nome, estado_id) VALUES (1691, 'Campos Gerais', 11);
INSERT INTO cidades (id, nome, estado_id) VALUES (1692, 'Cana Verde', 11);
INSERT INTO cidades (id, nome, estado_id) VALUES (1693, 'Canaã', 11);
INSERT INTO cidades (id, nome, estado_id) VALUES (1694, 'Canápolis', 11);
INSERT INTO cidades (id, nome, estado_id) VALUES (1695, 'Candeias', 11);
INSERT INTO cidades (id, nome, estado_id) VALUES (1696, 'Cantagalo', 11);
INSERT INTO cidades (id, nome, estado_id) VALUES (1697, 'Caparaó', 11);
INSERT INTO cidades (id, nome, estado_id) VALUES (1698, 'Capela Nova', 11);
INSERT INTO cidades (id, nome, estado_id) VALUES (1699, 'Capelinha', 11);
INSERT INTO cidades (id, nome, estado_id) VALUES (1700, 'Capetinga', 11);
INSERT INTO cidades (id, nome, estado_id) VALUES (1701, 'Capim Branco', 11);
INSERT INTO cidades (id, nome, estado_id) VALUES (1702, 'Capinópolis', 11);
INSERT INTO cidades (id, nome, estado_id) VALUES (1703, 'Capitão Andrade', 11);
INSERT INTO cidades (id, nome, estado_id) VALUES (1704, 'Capitão Enéas', 11);
INSERT INTO cidades (id, nome, estado_id) VALUES (1705, 'Capitólio', 11);
INSERT INTO cidades (id, nome, estado_id) VALUES (1706, 'Caputira', 11);
INSERT INTO cidades (id, nome, estado_id) VALUES (1707, 'Caraí', 11);
INSERT INTO cidades (id, nome, estado_id) VALUES (1708, 'Caranaíba', 11);
INSERT INTO cidades (id, nome, estado_id) VALUES (1709, 'Carandaí', 11);
INSERT INTO cidades (id, nome, estado_id) VALUES (1710, 'Carangola', 11);
INSERT INTO cidades (id, nome, estado_id) VALUES (1711, 'Caratinga', 11);
INSERT INTO cidades (id, nome, estado_id) VALUES (1712, 'Carbonita', 11);
INSERT INTO cidades (id, nome, estado_id) VALUES (1713, 'Careaçu', 11);
INSERT INTO cidades (id, nome, estado_id) VALUES (1714, 'Carlos Chagas', 11);
INSERT INTO cidades (id, nome, estado_id) VALUES (1715, 'Carmésia', 11);
INSERT INTO cidades (id, nome, estado_id) VALUES (1716, 'Carmo da Cachoeira', 11);
INSERT INTO cidades (id, nome, estado_id) VALUES (1717, 'Carmo da Mata', 11);
INSERT INTO cidades (id, nome, estado_id) VALUES (1718, 'Carmo de Minas', 11);
INSERT INTO cidades (id, nome, estado_id) VALUES (1719, 'Carmo do Cajuru', 11);
INSERT INTO cidades (id, nome, estado_id) VALUES (1720, 'Carmo do Paranaíba', 11);
INSERT INTO cidades (id, nome, estado_id) VALUES (1721, 'Carmo do Rio Claro', 11);
INSERT INTO cidades (id, nome, estado_id) VALUES (1722, 'Carmópolis de Minas', 11);
INSERT INTO cidades (id, nome, estado_id) VALUES (1723, 'Carneirinho', 11);
INSERT INTO cidades (id, nome, estado_id) VALUES (1724, 'Carrancas', 11);
INSERT INTO cidades (id, nome, estado_id) VALUES (1725, 'Carvalhópolis', 11);
INSERT INTO cidades (id, nome, estado_id) VALUES (1726, 'Carvalhos', 11);
INSERT INTO cidades (id, nome, estado_id) VALUES (1727, 'Casa Grande', 11);
INSERT INTO cidades (id, nome, estado_id) VALUES (1728, 'Cascalho Rico', 11);
INSERT INTO cidades (id, nome, estado_id) VALUES (1729, 'Cássia', 11);
INSERT INTO cidades (id, nome, estado_id) VALUES (1730, 'Cataguases', 11);
INSERT INTO cidades (id, nome, estado_id) VALUES (1731, 'Catas Altas', 11);
INSERT INTO cidades (id, nome, estado_id) VALUES (1732, 'Catas Altas da Noruega', 11);
INSERT INTO cidades (id, nome, estado_id) VALUES (1733, 'Catuji', 11);
INSERT INTO cidades (id, nome, estado_id) VALUES (1734, 'Catuti', 11);
INSERT INTO cidades (id, nome, estado_id) VALUES (1735, 'Caxambu', 11);
INSERT INTO cidades (id, nome, estado_id) VALUES (1736, 'Cedro do Abaeté', 11);
INSERT INTO cidades (id, nome, estado_id) VALUES (1737, 'Central de Minas', 11);
INSERT INTO cidades (id, nome, estado_id) VALUES (1738, 'Centralina', 11);
INSERT INTO cidades (id, nome, estado_id) VALUES (1739, 'Chácara', 11);
INSERT INTO cidades (id, nome, estado_id) VALUES (1740, 'Chalé', 11);
INSERT INTO cidades (id, nome, estado_id) VALUES (1741, 'Chapada do Norte', 11);
INSERT INTO cidades (id, nome, estado_id) VALUES (1742, 'Chapada Gaúcha', 11);
INSERT INTO cidades (id, nome, estado_id) VALUES (1743, 'Chiador', 11);
INSERT INTO cidades (id, nome, estado_id) VALUES (1744, 'Cipotânea', 11);
INSERT INTO cidades (id, nome, estado_id) VALUES (1745, 'Claraval', 11);
INSERT INTO cidades (id, nome, estado_id) VALUES (1746, 'Claro dos Poções', 11);
INSERT INTO cidades (id, nome, estado_id) VALUES (1747, 'Cláudio', 11);
INSERT INTO cidades (id, nome, estado_id) VALUES (1748, 'Coimbra', 11);
INSERT INTO cidades (id, nome, estado_id) VALUES (1749, 'Coluna', 11);
INSERT INTO cidades (id, nome, estado_id) VALUES (1750, 'Comendador Gomes', 11);
INSERT INTO cidades (id, nome, estado_id) VALUES (1751, 'Comercinho', 11);
INSERT INTO cidades (id, nome, estado_id) VALUES (1752, 'Conceição da Aparecida', 11);
INSERT INTO cidades (id, nome, estado_id) VALUES (1753, 'Conceição da Barra de Minas', 11);
INSERT INTO cidades (id, nome, estado_id) VALUES (1754, 'Conceição das Alagoas', 11);
INSERT INTO cidades (id, nome, estado_id) VALUES (1755, 'Conceição das Pedras', 11);
INSERT INTO cidades (id, nome, estado_id) VALUES (1756, 'Conceição de Ipanema', 11);
INSERT INTO cidades (id, nome, estado_id) VALUES (1757, 'Conceição do Mato Dentro', 11);
INSERT INTO cidades (id, nome, estado_id) VALUES (1758, 'Conceição do Pará', 11);
INSERT INTO cidades (id, nome, estado_id) VALUES (1759, 'Conceição do Rio Verde', 11);
INSERT INTO cidades (id, nome, estado_id) VALUES (1760, 'Conceição dos Ouros', 11);
INSERT INTO cidades (id, nome, estado_id) VALUES (1761, 'Cônego Marinho', 11);
INSERT INTO cidades (id, nome, estado_id) VALUES (1762, 'Confins', 11);
INSERT INTO cidades (id, nome, estado_id) VALUES (1763, 'Congonhal', 11);
INSERT INTO cidades (id, nome, estado_id) VALUES (1764, 'Congonhas', 11);
INSERT INTO cidades (id, nome, estado_id) VALUES (1765, 'Congonhas do Norte', 11);
INSERT INTO cidades (id, nome, estado_id) VALUES (1766, 'Conquista', 11);
INSERT INTO cidades (id, nome, estado_id) VALUES (1767, 'Conselheiro Lafaiete', 11);
INSERT INTO cidades (id, nome, estado_id) VALUES (1768, 'Conselheiro Pena', 11);
INSERT INTO cidades (id, nome, estado_id) VALUES (1769, 'Consolação', 11);
INSERT INTO cidades (id, nome, estado_id) VALUES (1770, 'Contagem', 11);
INSERT INTO cidades (id, nome, estado_id) VALUES (1771, 'Coqueiral', 11);
INSERT INTO cidades (id, nome, estado_id) VALUES (1772, 'Coração de Jesus', 11);
INSERT INTO cidades (id, nome, estado_id) VALUES (1773, 'Cordisburgo', 11);
INSERT INTO cidades (id, nome, estado_id) VALUES (1774, 'Cordislândia', 11);
INSERT INTO cidades (id, nome, estado_id) VALUES (1775, 'Corinto', 11);
INSERT INTO cidades (id, nome, estado_id) VALUES (1776, 'Coroaci', 11);
INSERT INTO cidades (id, nome, estado_id) VALUES (1777, 'Coromandel', 11);
INSERT INTO cidades (id, nome, estado_id) VALUES (1778, 'Coronel Fabriciano', 11);
INSERT INTO cidades (id, nome, estado_id) VALUES (1779, 'Coronel Murta', 11);
INSERT INTO cidades (id, nome, estado_id) VALUES (1780, 'Coronel Pacheco', 11);
INSERT INTO cidades (id, nome, estado_id) VALUES (1781, 'Coronel Xavier Chaves', 11);
INSERT INTO cidades (id, nome, estado_id) VALUES (1782, 'Córrego Danta', 11);
INSERT INTO cidades (id, nome, estado_id) VALUES (1783, 'Córrego do Bom Jesus', 11);
INSERT INTO cidades (id, nome, estado_id) VALUES (1784, 'Córrego Fundo', 11);
INSERT INTO cidades (id, nome, estado_id) VALUES (1785, 'Córrego Novo', 11);
INSERT INTO cidades (id, nome, estado_id) VALUES (1786, 'Couto de Magalhães de Minas', 11);
INSERT INTO cidades (id, nome, estado_id) VALUES (1787, 'Crisólita', 11);
INSERT INTO cidades (id, nome, estado_id) VALUES (1788, 'Cristais', 11);
INSERT INTO cidades (id, nome, estado_id) VALUES (1789, 'Cristália', 11);
INSERT INTO cidades (id, nome, estado_id) VALUES (1790, 'Cristiano Otoni', 11);
INSERT INTO cidades (id, nome, estado_id) VALUES (1791, 'Cristina', 11);
INSERT INTO cidades (id, nome, estado_id) VALUES (1792, 'Crucilândia', 11);
INSERT INTO cidades (id, nome, estado_id) VALUES (1793, 'Cruzeiro da Fortaleza', 11);
INSERT INTO cidades (id, nome, estado_id) VALUES (1794, 'Cruzília', 11);
INSERT INTO cidades (id, nome, estado_id) VALUES (1795, 'Cuparaque', 11);
INSERT INTO cidades (id, nome, estado_id) VALUES (1796, 'Curral de Dentro', 11);
INSERT INTO cidades (id, nome, estado_id) VALUES (1797, 'Curvelo', 11);
INSERT INTO cidades (id, nome, estado_id) VALUES (1798, 'Datas', 11);
INSERT INTO cidades (id, nome, estado_id) VALUES (1799, 'Delfim Moreira', 11);
INSERT INTO cidades (id, nome, estado_id) VALUES (1800, 'Delfinópolis', 11);
INSERT INTO cidades (id, nome, estado_id) VALUES (1801, 'Delta', 11);
INSERT INTO cidades (id, nome, estado_id) VALUES (1802, 'Descoberto', 11);
INSERT INTO cidades (id, nome, estado_id) VALUES (1803, 'Desterro de Entre Rios', 11);
INSERT INTO cidades (id, nome, estado_id) VALUES (1804, 'Desterro do Melo', 11);
INSERT INTO cidades (id, nome, estado_id) VALUES (1805, 'Diamantina', 11);
INSERT INTO cidades (id, nome, estado_id) VALUES (1806, 'Diogo de Vasconcelos', 11);
INSERT INTO cidades (id, nome, estado_id) VALUES (1807, 'Dionísio', 11);
INSERT INTO cidades (id, nome, estado_id) VALUES (1808, 'Divinésia', 11);
INSERT INTO cidades (id, nome, estado_id) VALUES (1809, 'Divino', 11);
INSERT INTO cidades (id, nome, estado_id) VALUES (1810, 'Divino das Laranjeiras', 11);
INSERT INTO cidades (id, nome, estado_id) VALUES (1811, 'Divinolândia de Minas', 11);
INSERT INTO cidades (id, nome, estado_id) VALUES (1812, 'Divinópolis', 11);
INSERT INTO cidades (id, nome, estado_id) VALUES (1813, 'Divisa Alegre', 11);
INSERT INTO cidades (id, nome, estado_id) VALUES (1814, 'Divisa Nova', 11);
INSERT INTO cidades (id, nome, estado_id) VALUES (1815, 'Divisópolis', 11);
INSERT INTO cidades (id, nome, estado_id) VALUES (1816, 'Dom Bosco', 11);
INSERT INTO cidades (id, nome, estado_id) VALUES (1817, 'Dom Cavati', 11);
INSERT INTO cidades (id, nome, estado_id) VALUES (1818, 'Dom Joaquim', 11);
INSERT INTO cidades (id, nome, estado_id) VALUES (1819, 'Dom Silvério', 11);
INSERT INTO cidades (id, nome, estado_id) VALUES (1820, 'Dom Viçoso', 11);
INSERT INTO cidades (id, nome, estado_id) VALUES (1821, 'Dona Eusébia', 11);
INSERT INTO cidades (id, nome, estado_id) VALUES (1822, 'Dores de Campos', 11);
INSERT INTO cidades (id, nome, estado_id) VALUES (1823, 'Dores de Guanhães', 11);
INSERT INTO cidades (id, nome, estado_id) VALUES (1824, 'Dores do Indaiá', 11);
INSERT INTO cidades (id, nome, estado_id) VALUES (1825, 'Dores do Turvo', 11);
INSERT INTO cidades (id, nome, estado_id) VALUES (1826, 'Doresópolis', 11);
INSERT INTO cidades (id, nome, estado_id) VALUES (1827, 'Douradoquara', 11);
INSERT INTO cidades (id, nome, estado_id) VALUES (1828, 'Durandé', 11);
INSERT INTO cidades (id, nome, estado_id) VALUES (1829, 'Elói Mendes', 11);
INSERT INTO cidades (id, nome, estado_id) VALUES (1830, 'Engenheiro Caldas', 11);
INSERT INTO cidades (id, nome, estado_id) VALUES (1831, 'Engenheiro Navarro', 11);
INSERT INTO cidades (id, nome, estado_id) VALUES (1832, 'Entre Folhas', 11);
INSERT INTO cidades (id, nome, estado_id) VALUES (1833, 'Entre Rios de Minas', 11);
INSERT INTO cidades (id, nome, estado_id) VALUES (1834, 'Ervália', 11);
INSERT INTO cidades (id, nome, estado_id) VALUES (1835, 'Esmeraldas', 11);
INSERT INTO cidades (id, nome, estado_id) VALUES (1836, 'Espera Feliz', 11);
INSERT INTO cidades (id, nome, estado_id) VALUES (1837, 'Espinosa', 11);
INSERT INTO cidades (id, nome, estado_id) VALUES (1838, 'Espírito Santo do Dourado', 11);
INSERT INTO cidades (id, nome, estado_id) VALUES (1839, 'Estiva', 11);
INSERT INTO cidades (id, nome, estado_id) VALUES (1840, 'Estrela Dalva', 11);
INSERT INTO cidades (id, nome, estado_id) VALUES (1841, 'Estrela do Indaiá', 11);
INSERT INTO cidades (id, nome, estado_id) VALUES (1842, 'Estrela do Sul', 11);
INSERT INTO cidades (id, nome, estado_id) VALUES (1843, 'Eugenópolis', 11);
INSERT INTO cidades (id, nome, estado_id) VALUES (1844, 'Ewbank da Câmara', 11);
INSERT INTO cidades (id, nome, estado_id) VALUES (1845, 'Extrema', 11);
INSERT INTO cidades (id, nome, estado_id) VALUES (1846, 'Fama', 11);
INSERT INTO cidades (id, nome, estado_id) VALUES (1847, 'Faria Lemos', 11);
INSERT INTO cidades (id, nome, estado_id) VALUES (1848, 'Felício dos Santos', 11);
INSERT INTO cidades (id, nome, estado_id) VALUES (1849, 'Felisburgo', 11);
INSERT INTO cidades (id, nome, estado_id) VALUES (1850, 'Felixlândia', 11);
INSERT INTO cidades (id, nome, estado_id) VALUES (1851, 'Fernandes Tourinho', 11);
INSERT INTO cidades (id, nome, estado_id) VALUES (1852, 'Ferros', 11);
INSERT INTO cidades (id, nome, estado_id) VALUES (1853, 'Fervedouro', 11);
INSERT INTO cidades (id, nome, estado_id) VALUES (1854, 'Florestal', 11);
INSERT INTO cidades (id, nome, estado_id) VALUES (1855, 'Formiga', 11);
INSERT INTO cidades (id, nome, estado_id) VALUES (1856, 'Formoso', 11);
INSERT INTO cidades (id, nome, estado_id) VALUES (1857, 'Fortaleza de Minas', 11);
INSERT INTO cidades (id, nome, estado_id) VALUES (1858, 'Fortuna de Minas', 11);
INSERT INTO cidades (id, nome, estado_id) VALUES (1859, 'Francisco Badaró', 11);
INSERT INTO cidades (id, nome, estado_id) VALUES (1860, 'Francisco Dumont', 11);
INSERT INTO cidades (id, nome, estado_id) VALUES (1861, 'Francisco Sá', 11);
INSERT INTO cidades (id, nome, estado_id) VALUES (1862, 'Franciscópolis', 11);
INSERT INTO cidades (id, nome, estado_id) VALUES (1863, 'Frei Gaspar', 11);
INSERT INTO cidades (id, nome, estado_id) VALUES (1864, 'Frei Inocêncio', 11);
INSERT INTO cidades (id, nome, estado_id) VALUES (1865, 'Frei Lagonegro', 11);
INSERT INTO cidades (id, nome, estado_id) VALUES (1866, 'Fronteira', 11);
INSERT INTO cidades (id, nome, estado_id) VALUES (1867, 'Fronteira dos Vales', 11);
INSERT INTO cidades (id, nome, estado_id) VALUES (1868, 'Fruta de Leite', 11);
INSERT INTO cidades (id, nome, estado_id) VALUES (1869, 'Frutal', 11);
INSERT INTO cidades (id, nome, estado_id) VALUES (1870, 'Funilândia', 11);
INSERT INTO cidades (id, nome, estado_id) VALUES (1871, 'Galiléia', 11);
INSERT INTO cidades (id, nome, estado_id) VALUES (1872, 'Gameleiras', 11);
INSERT INTO cidades (id, nome, estado_id) VALUES (1873, 'Glaucilândia', 11);
INSERT INTO cidades (id, nome, estado_id) VALUES (1874, 'Goiabeira', 11);
INSERT INTO cidades (id, nome, estado_id) VALUES (1875, 'Goianá', 11);
INSERT INTO cidades (id, nome, estado_id) VALUES (1876, 'Gonçalves', 11);
INSERT INTO cidades (id, nome, estado_id) VALUES (1877, 'Gonzaga', 11);
INSERT INTO cidades (id, nome, estado_id) VALUES (1878, 'Gouveia', 11);
INSERT INTO cidades (id, nome, estado_id) VALUES (1879, 'Governador Valadares', 11);
INSERT INTO cidades (id, nome, estado_id) VALUES (1880, 'Grão Mogol', 11);
INSERT INTO cidades (id, nome, estado_id) VALUES (1881, 'Grupiara', 11);
INSERT INTO cidades (id, nome, estado_id) VALUES (1882, 'Guanhães', 11);
INSERT INTO cidades (id, nome, estado_id) VALUES (1883, 'Guapé', 11);
INSERT INTO cidades (id, nome, estado_id) VALUES (1884, 'Guaraciaba', 11);
INSERT INTO cidades (id, nome, estado_id) VALUES (1885, 'Guaraciama', 11);
INSERT INTO cidades (id, nome, estado_id) VALUES (1886, 'Guaranésia', 11);
INSERT INTO cidades (id, nome, estado_id) VALUES (1887, 'Guarani', 11);
INSERT INTO cidades (id, nome, estado_id) VALUES (1888, 'Guarará', 11);
INSERT INTO cidades (id, nome, estado_id) VALUES (1889, 'Guarda-Mor', 11);
INSERT INTO cidades (id, nome, estado_id) VALUES (1890, 'Guaxupé', 11);
INSERT INTO cidades (id, nome, estado_id) VALUES (1891, 'Guidoval', 11);
INSERT INTO cidades (id, nome, estado_id) VALUES (1892, 'Guimarânia', 11);
INSERT INTO cidades (id, nome, estado_id) VALUES (1893, 'Guiricema', 11);
INSERT INTO cidades (id, nome, estado_id) VALUES (1894, 'Gurinhatã', 11);
INSERT INTO cidades (id, nome, estado_id) VALUES (1895, 'Heliodora', 11);
INSERT INTO cidades (id, nome, estado_id) VALUES (1896, 'Iapu', 11);
INSERT INTO cidades (id, nome, estado_id) VALUES (1897, 'Ibertioga', 11);
INSERT INTO cidades (id, nome, estado_id) VALUES (1898, 'Ibiá', 11);
INSERT INTO cidades (id, nome, estado_id) VALUES (1899, 'Ibiaí', 11);
INSERT INTO cidades (id, nome, estado_id) VALUES (1900, 'Ibiracatu', 11);
INSERT INTO cidades (id, nome, estado_id) VALUES (1901, 'Ibiraci', 11);
INSERT INTO cidades (id, nome, estado_id) VALUES (1902, 'Ibirité', 11);
INSERT INTO cidades (id, nome, estado_id) VALUES (1903, 'Ibitiúra de Minas', 11);
INSERT INTO cidades (id, nome, estado_id) VALUES (1904, 'Ibituruna', 11);
INSERT INTO cidades (id, nome, estado_id) VALUES (1905, 'Icaraí de Minas', 11);
INSERT INTO cidades (id, nome, estado_id) VALUES (1906, 'Igarapé', 11);
INSERT INTO cidades (id, nome, estado_id) VALUES (1907, 'Igaratinga', 11);
INSERT INTO cidades (id, nome, estado_id) VALUES (1908, 'Iguatama', 11);
INSERT INTO cidades (id, nome, estado_id) VALUES (1909, 'Ijaci', 11);
INSERT INTO cidades (id, nome, estado_id) VALUES (1910, 'Ilicínea', 11);
INSERT INTO cidades (id, nome, estado_id) VALUES (1911, 'Imbé de Minas', 11);
INSERT INTO cidades (id, nome, estado_id) VALUES (1912, 'Inconfidentes', 11);
INSERT INTO cidades (id, nome, estado_id) VALUES (1913, 'Indaiabira', 11);
INSERT INTO cidades (id, nome, estado_id) VALUES (1914, 'Indianópolis', 11);
INSERT INTO cidades (id, nome, estado_id) VALUES (1915, 'Ingaí', 11);
INSERT INTO cidades (id, nome, estado_id) VALUES (1916, 'Inhapim', 11);
INSERT INTO cidades (id, nome, estado_id) VALUES (1917, 'Inhaúma', 11);
INSERT INTO cidades (id, nome, estado_id) VALUES (1918, 'Inimutaba', 11);
INSERT INTO cidades (id, nome, estado_id) VALUES (1919, 'Ipaba', 11);
INSERT INTO cidades (id, nome, estado_id) VALUES (1920, 'Ipanema', 11);
INSERT INTO cidades (id, nome, estado_id) VALUES (1921, 'Ipatinga', 11);
INSERT INTO cidades (id, nome, estado_id) VALUES (1922, 'Ipiaçu', 11);
INSERT INTO cidades (id, nome, estado_id) VALUES (1923, 'Ipuiúna', 11);
INSERT INTO cidades (id, nome, estado_id) VALUES (1924, 'Iraí de Minas', 11);
INSERT INTO cidades (id, nome, estado_id) VALUES (1925, 'Itabira', 11);
INSERT INTO cidades (id, nome, estado_id) VALUES (1926, 'Itabirinha de Mantena', 11);
INSERT INTO cidades (id, nome, estado_id) VALUES (1927, 'Itabirito', 11);
INSERT INTO cidades (id, nome, estado_id) VALUES (1928, 'Itacambira', 11);
INSERT INTO cidades (id, nome, estado_id) VALUES (1929, 'Itacarambi', 11);
INSERT INTO cidades (id, nome, estado_id) VALUES (1930, 'Itaguara', 11);
INSERT INTO cidades (id, nome, estado_id) VALUES (1931, 'Itaipé', 11);
INSERT INTO cidades (id, nome, estado_id) VALUES (1932, 'Itajubá', 11);
INSERT INTO cidades (id, nome, estado_id) VALUES (1933, 'Itamarandiba', 11);
INSERT INTO cidades (id, nome, estado_id) VALUES (1934, 'Itamarati de Minas', 11);
INSERT INTO cidades (id, nome, estado_id) VALUES (1935, 'Itambacuri', 11);
INSERT INTO cidades (id, nome, estado_id) VALUES (1936, 'Itambé do Mato Dentro', 11);
INSERT INTO cidades (id, nome, estado_id) VALUES (1937, 'Itamogi', 11);
INSERT INTO cidades (id, nome, estado_id) VALUES (1938, 'Itamonte', 11);
INSERT INTO cidades (id, nome, estado_id) VALUES (1939, 'Itanhandu', 11);
INSERT INTO cidades (id, nome, estado_id) VALUES (1940, 'Itanhomi', 11);
INSERT INTO cidades (id, nome, estado_id) VALUES (1941, 'Itaobim', 11);
INSERT INTO cidades (id, nome, estado_id) VALUES (1942, 'Itapagipe', 11);
INSERT INTO cidades (id, nome, estado_id) VALUES (1943, 'Itapecerica', 11);
INSERT INTO cidades (id, nome, estado_id) VALUES (1944, 'Itapeva', 11);
INSERT INTO cidades (id, nome, estado_id) VALUES (1945, 'Itatiaiuçu', 11);
INSERT INTO cidades (id, nome, estado_id) VALUES (1946, 'Itaú de Minas', 11);
INSERT INTO cidades (id, nome, estado_id) VALUES (1947, 'Itaúna', 11);
INSERT INTO cidades (id, nome, estado_id) VALUES (1948, 'Itaverava', 11);
INSERT INTO cidades (id, nome, estado_id) VALUES (1949, 'Itinga', 11);
INSERT INTO cidades (id, nome, estado_id) VALUES (1950, 'Itueta', 11);
INSERT INTO cidades (id, nome, estado_id) VALUES (1951, 'Ituiutaba', 11);
INSERT INTO cidades (id, nome, estado_id) VALUES (1952, 'Itumirim', 11);
INSERT INTO cidades (id, nome, estado_id) VALUES (1953, 'Iturama', 11);
INSERT INTO cidades (id, nome, estado_id) VALUES (1954, 'Itutinga', 11);
INSERT INTO cidades (id, nome, estado_id) VALUES (1955, 'Jaboticatubas', 11);
INSERT INTO cidades (id, nome, estado_id) VALUES (1956, 'Jacinto', 11);
INSERT INTO cidades (id, nome, estado_id) VALUES (1957, 'Jacuí', 11);
INSERT INTO cidades (id, nome, estado_id) VALUES (1958, 'Jacutinga', 11);
INSERT INTO cidades (id, nome, estado_id) VALUES (1959, 'Jaguaraçu', 11);
INSERT INTO cidades (id, nome, estado_id) VALUES (1960, 'Jaíba', 11);
INSERT INTO cidades (id, nome, estado_id) VALUES (1961, 'Jampruca', 11);
INSERT INTO cidades (id, nome, estado_id) VALUES (1962, 'Janaúba', 11);
INSERT INTO cidades (id, nome, estado_id) VALUES (1963, 'Januária', 11);
INSERT INTO cidades (id, nome, estado_id) VALUES (1964, 'Japaraíba', 11);
INSERT INTO cidades (id, nome, estado_id) VALUES (1965, 'Japonvar', 11);
INSERT INTO cidades (id, nome, estado_id) VALUES (1966, 'Jeceaba', 11);
INSERT INTO cidades (id, nome, estado_id) VALUES (1967, 'Jenipapo de Minas', 11);
INSERT INTO cidades (id, nome, estado_id) VALUES (1968, 'Jequeri', 11);
INSERT INTO cidades (id, nome, estado_id) VALUES (1969, 'Jequitaí', 11);
INSERT INTO cidades (id, nome, estado_id) VALUES (1970, 'Jequitibá', 11);
INSERT INTO cidades (id, nome, estado_id) VALUES (1971, 'Jequitinhonha', 11);
INSERT INTO cidades (id, nome, estado_id) VALUES (1972, 'Jesuânia', 11);
INSERT INTO cidades (id, nome, estado_id) VALUES (1973, 'Joaíma', 11);
INSERT INTO cidades (id, nome, estado_id) VALUES (1974, 'Joanésia', 11);
INSERT INTO cidades (id, nome, estado_id) VALUES (1975, 'João Monlevade', 11);
INSERT INTO cidades (id, nome, estado_id) VALUES (1976, 'João Pinheiro', 11);
INSERT INTO cidades (id, nome, estado_id) VALUES (1977, 'Joaquim Felício', 11);
INSERT INTO cidades (id, nome, estado_id) VALUES (1978, 'Jordânia', 11);
INSERT INTO cidades (id, nome, estado_id) VALUES (1979, 'José Gonçalves de Minas', 11);
INSERT INTO cidades (id, nome, estado_id) VALUES (1980, 'José Raydan', 11);
INSERT INTO cidades (id, nome, estado_id) VALUES (1981, 'Josenópolis', 11);
INSERT INTO cidades (id, nome, estado_id) VALUES (1982, 'Juatuba', 11);
INSERT INTO cidades (id, nome, estado_id) VALUES (1983, 'Juiz de Fora', 11);
INSERT INTO cidades (id, nome, estado_id) VALUES (1984, 'Juramento', 11);
INSERT INTO cidades (id, nome, estado_id) VALUES (1985, 'Juruaia', 11);
INSERT INTO cidades (id, nome, estado_id) VALUES (1986, 'Juvenília', 11);
INSERT INTO cidades (id, nome, estado_id) VALUES (1987, 'Ladainha', 11);
INSERT INTO cidades (id, nome, estado_id) VALUES (1988, 'Lagamar', 11);
INSERT INTO cidades (id, nome, estado_id) VALUES (1989, 'Lagoa da Prata', 11);
INSERT INTO cidades (id, nome, estado_id) VALUES (1990, 'Lagoa dos Patos', 11);
INSERT INTO cidades (id, nome, estado_id) VALUES (1991, 'Lagoa Dourada', 11);
INSERT INTO cidades (id, nome, estado_id) VALUES (1992, 'Lagoa Formosa', 11);
INSERT INTO cidades (id, nome, estado_id) VALUES (1993, 'Lagoa Grande', 11);
INSERT INTO cidades (id, nome, estado_id) VALUES (1994, 'Lagoa Santa', 11);
INSERT INTO cidades (id, nome, estado_id) VALUES (1995, 'Lajinha', 11);
INSERT INTO cidades (id, nome, estado_id) VALUES (1996, 'Lambari', 11);
INSERT INTO cidades (id, nome, estado_id) VALUES (1997, 'Lamim', 11);
INSERT INTO cidades (id, nome, estado_id) VALUES (1998, 'Laranjal', 11);
INSERT INTO cidades (id, nome, estado_id) VALUES (1999, 'Lassance', 11);
INSERT INTO cidades (id, nome, estado_id) VALUES (2000, 'Lavras', 11);
INSERT INTO cidades (id, nome, estado_id) VALUES (2001, 'Leandro Ferreira', 11);
INSERT INTO cidades (id, nome, estado_id) VALUES (2002, 'Leme do Prado', 11);
INSERT INTO cidades (id, nome, estado_id) VALUES (2003, 'Leopoldina', 11);
INSERT INTO cidades (id, nome, estado_id) VALUES (2004, 'Liberdade', 11);
INSERT INTO cidades (id, nome, estado_id) VALUES (2005, 'Lima Duarte', 11);
INSERT INTO cidades (id, nome, estado_id) VALUES (2006, 'Limeira do Oeste', 11);
INSERT INTO cidades (id, nome, estado_id) VALUES (2007, 'Lontra', 11);
INSERT INTO cidades (id, nome, estado_id) VALUES (2008, 'Luisburgo', 11);
INSERT INTO cidades (id, nome, estado_id) VALUES (2009, 'Luislândia', 11);
INSERT INTO cidades (id, nome, estado_id) VALUES (2010, 'Luminárias', 11);
INSERT INTO cidades (id, nome, estado_id) VALUES (2011, 'Luz', 11);
INSERT INTO cidades (id, nome, estado_id) VALUES (2012, 'Machacalis', 11);
INSERT INTO cidades (id, nome, estado_id) VALUES (2013, 'Machado', 11);
INSERT INTO cidades (id, nome, estado_id) VALUES (2014, 'Madre de Deus de Minas', 11);
INSERT INTO cidades (id, nome, estado_id) VALUES (2015, 'Malacacheta', 11);
INSERT INTO cidades (id, nome, estado_id) VALUES (2016, 'Mamonas', 11);
INSERT INTO cidades (id, nome, estado_id) VALUES (2017, 'Manga', 11);
INSERT INTO cidades (id, nome, estado_id) VALUES (2018, 'Manhuaçu', 11);
INSERT INTO cidades (id, nome, estado_id) VALUES (2019, 'Manhumirim', 11);
INSERT INTO cidades (id, nome, estado_id) VALUES (2020, 'Mantena', 11);
INSERT INTO cidades (id, nome, estado_id) VALUES (2021, 'Mar de Espanha', 11);
INSERT INTO cidades (id, nome, estado_id) VALUES (2022, 'Maravilhas', 11);
INSERT INTO cidades (id, nome, estado_id) VALUES (2023, 'Maria da Fé', 11);
INSERT INTO cidades (id, nome, estado_id) VALUES (2024, 'Mariana', 11);
INSERT INTO cidades (id, nome, estado_id) VALUES (2025, 'Marilac', 11);
INSERT INTO cidades (id, nome, estado_id) VALUES (2026, 'Mário Campos', 11);
INSERT INTO cidades (id, nome, estado_id) VALUES (2027, 'Maripá de Minas', 11);
INSERT INTO cidades (id, nome, estado_id) VALUES (2028, 'Marliéria', 11);
INSERT INTO cidades (id, nome, estado_id) VALUES (2029, 'Marmelópolis', 11);
INSERT INTO cidades (id, nome, estado_id) VALUES (2030, 'Martinho Campos', 11);
INSERT INTO cidades (id, nome, estado_id) VALUES (2031, 'Martins Soares', 11);
INSERT INTO cidades (id, nome, estado_id) VALUES (2032, 'Mata Verde', 11);
INSERT INTO cidades (id, nome, estado_id) VALUES (2033, 'Materlândia', 11);
INSERT INTO cidades (id, nome, estado_id) VALUES (2034, 'Mateus Leme', 11);
INSERT INTO cidades (id, nome, estado_id) VALUES (2035, 'Mathias Lobato', 11);
INSERT INTO cidades (id, nome, estado_id) VALUES (2036, 'Matias Barbosa', 11);
INSERT INTO cidades (id, nome, estado_id) VALUES (2037, 'Matias Cardoso', 11);
INSERT INTO cidades (id, nome, estado_id) VALUES (2038, 'Matipó', 11);
INSERT INTO cidades (id, nome, estado_id) VALUES (2039, 'Mato Verde', 11);
INSERT INTO cidades (id, nome, estado_id) VALUES (2040, 'Matozinhos', 11);
INSERT INTO cidades (id, nome, estado_id) VALUES (2041, 'Matutina', 11);
INSERT INTO cidades (id, nome, estado_id) VALUES (2042, 'Medeiros', 11);
INSERT INTO cidades (id, nome, estado_id) VALUES (2043, 'Medina', 11);
INSERT INTO cidades (id, nome, estado_id) VALUES (2044, 'Mendes Pimentel', 11);
INSERT INTO cidades (id, nome, estado_id) VALUES (2045, 'Mercês', 11);
INSERT INTO cidades (id, nome, estado_id) VALUES (2046, 'Mesquita', 11);
INSERT INTO cidades (id, nome, estado_id) VALUES (2047, 'Minas Novas', 11);
INSERT INTO cidades (id, nome, estado_id) VALUES (2048, 'Minduri', 11);
INSERT INTO cidades (id, nome, estado_id) VALUES (2049, 'Mirabela', 11);
INSERT INTO cidades (id, nome, estado_id) VALUES (2050, 'Miradouro', 11);
INSERT INTO cidades (id, nome, estado_id) VALUES (2051, 'Miraí', 11);
INSERT INTO cidades (id, nome, estado_id) VALUES (2052, 'Miravânia', 11);
INSERT INTO cidades (id, nome, estado_id) VALUES (2053, 'Moeda', 11);
INSERT INTO cidades (id, nome, estado_id) VALUES (2054, 'Moema', 11);
INSERT INTO cidades (id, nome, estado_id) VALUES (2055, 'Monjolos', 11);
INSERT INTO cidades (id, nome, estado_id) VALUES (2056, 'Monsenhor Paulo', 11);
INSERT INTO cidades (id, nome, estado_id) VALUES (2057, 'Montalvânia', 11);
INSERT INTO cidades (id, nome, estado_id) VALUES (2058, 'Monte Alegre de Minas', 11);
INSERT INTO cidades (id, nome, estado_id) VALUES (2059, 'Monte Azul', 11);
INSERT INTO cidades (id, nome, estado_id) VALUES (2060, 'Monte Belo', 11);
INSERT INTO cidades (id, nome, estado_id) VALUES (2061, 'Monte Carmelo', 11);
INSERT INTO cidades (id, nome, estado_id) VALUES (2062, 'Monte Formoso', 11);
INSERT INTO cidades (id, nome, estado_id) VALUES (2063, 'Monte Santo de Minas', 11);
INSERT INTO cidades (id, nome, estado_id) VALUES (2064, 'Monte Sião', 11);
INSERT INTO cidades (id, nome, estado_id) VALUES (2065, 'Montes Claros', 11);
INSERT INTO cidades (id, nome, estado_id) VALUES (2066, 'Montezuma', 11);
INSERT INTO cidades (id, nome, estado_id) VALUES (2067, 'Morada Nova de Minas', 11);


